Workbook

Sheet 01
A2: Stock Inventory Report of JULY 2026
S4: Date | T4: 45839
A5: Nº | B5: Item Name | D5: Par Stock | E5: Opening | H5: Request | K5: In Stock | N5: Lost /Spoil | O5: Transfer out | P5: Cost of FOC | Q5: Cost of Sale | R5: Consumption | S5: Cost of Sale | T5: Closing | W5: Sale Report
B6: English | C6: Khmer | E6: ដើមគ្រា | H6: បើកចូល | K6: ទំនិញមានក្នុងស្តុក | N6: ខូច/បាត់ | O6: ផ្ទេរចេញ | P6: ថ្លៃដើមព្រី | Q6: ថ្លៃដើមលក់ | R6: ថ្លៃដើម | S6: ថ្លៃដើមលក់ | T6: ចុងគ្រា | W6: Daily | AA6: Monthly
B7: Soft Drink | E7: Qtt | F7: U.P | G7: Amount | H7: Qtt | I7: U.P | J7: Amount | K7: Qtt | L7: U.P | M7: Amount | N7: Qtt | O7: Amount | P7: Qtt | Q7: Amount | R7: ថ្លៃដើមលក់ | S7: Amount | T7: Qtt | U7: U.P | V7: Amount | Y7: Qty | Z7: Amount | AA7: Qty | AB7: Amount
A8: 1 | B8: Cocacola Classic 330ml (24cans) | C8: កូកា ក្លាស៊ិក (កំប៉ុង៣៣០មម) | D8: 48 | E8: 1 | F8: =8.7/24 -> 0.3625 | G8: =+E8*F8 -> 0.3625 | J8: =+H8*I8 -> 0 | K8: =+E8+H8 -> 1 | L8: =IF(K8=0,,M8/K8) -> 0.3625 | M8: =+J8+G8 -> 0.3625 | O8: =+L8*N8 -> 0 | Q8: =+P8*L8 -> 0 | S8: =+R8*L8 -> 0 | T8: =+K8-N8-P8-R8 -> 1 | U8: =IF(T8=0,,V8/T8) -> 0.3625 | V8: =+T8*L8 -> 0.3625 | W8: =+$B$8 -> Cocacola Classic 330ml (24cans) | Y8: =+$R$8 -> 0 | Z8: =+Y8*1 -> 0 | AA8: =+Y8 -> 0 | AB8: =+Z8 -> 0
A9: =+A8+1 -> 2 | B9: Cocacola Zero 330ml (24cans) | C9: កូកា សេរ៉ូ (កំប៉ុង៣៣០មម) | D9: 48 | E9: 18 | F9: =8.7/24 -> 0.3625 | G9: =+E9*F9 -> 6.525 | J9: =+H9*I9 -> 0 | K9: =+E9+H9 -> 18 | L9: =IF(K9=0,,M9/K9) -> 0.3625 | M9: =+J9+G9 -> 6.525 | O9: =+L9*N9 -> 0 | Q9: =+P9*L9 -> 0 | S9: =+R9*L9 -> 0 | T9: =+K9-N9-P9-R9 -> 18 | U9: =IF(T9=0,,V9/T9) -> 0.3625 | V9: =+T9*L9 -> 6.525 | W9: =+$B$9 -> Cocacola Zero 330ml (24cans) | Y9: =+$R$9 -> 0 | Z9: =+Y9*1 -> 0 | AA9: =+Y9 -> 0 | AB9: =+Z9 -> 0
A10: =+A9+1 -> 3 | B10: Cocacola Light 330ml (24cans) | C10: កូកា ឡៃ (កំប៉ុង៣៣០មម) | D10: 48 | E10: 11 | F10: =8.7/24 -> 0.3625 | G10: =+E10*F10 -> 3.9875 | J10: =+H10*I10 -> 0 | K10: =+E10+H10 -> 11 | L10: =IF(K10=0,,M10/K10) -> 0.3625 | M10: =+J10+G10 -> 3.9875 | O10: =+L10*N10 -> 0 | Q10: =+P10*L10 -> 0 | S10: =+R10*L10 -> 0 | T10: =+K10-N10-P10-R10 -> 11 | U10: =IF(T10=0,,V10/T10) -> 0.3625 | V10: =+T10*L10 -> 3.9875 | W10: =+$B$10 -> Cocacola Light 330ml (24cans) | Y10: =+$R$10 -> 0 | Z10: =+Y10*1 -> 0 | AA10: =+Y10 -> 0 | AB10: =+Z10 -> 0
A11: =+A10+1 -> 4 | B11: Sprite 330ml (24cans) | C11: ស្ព្រៃ (កំប៉ុង៣៣០មម) | D11: 48 | E11: 2 | F11: =8.7/24 -> 0.3625 | G11: =+E11*F11 -> 0.725 | J11: =+H11*I11 -> 0 | K11: =+E11+H11 -> 2 | L11: =IF(K11=0,,M11/K11) -> 0.3625 | M11: =+J11+G11 -> 0.725 | O11: =+L11*N11 -> 0 | Q11: =+P11*L11 -> 0 | S11: =+R11*L11 -> 0 | T11: =+K11-N11-P11-R11 -> 2 | U11: =IF(T11=0,,V11/T11) -> 0.3625 | V11: =+T11*L11 -> 0.725 | W11: =+$B$11 -> Sprite 330ml (24cans) | Y11: =+$R$11 -> 0 | Z11: =+Y11*1 -> 0 | AA11: =+Y11 -> 0 | AB11: =+Z11 -> 0
A12: =+A11+1 -> 5 | B12: Schweppes Soda Water 330ml (24cans) | C12: ទឹកសូដា (កំប៉ុង៣៣០មម) | D12: 48 | E12: 14 | F12: =8.7/24 -> 0.3625 | G12: =+E12*F12 -> 5.075 | J12: =+H12*I12 -> 0 | K12: =+E12+H12 -> 14 | L12: =IF(K12=0,,M12/K12) -> 0.3625 | M12: =+J12+G12 -> 5.075 | O12: =+L12*N12 -> 0 | Q12: =+P12*L12 -> 0 | S12: =+R12*L12 -> 0 | T12: =+K12-N12-P12-R12 -> 14 | U12: =IF(T12=0,,V12/T12) -> 0.3625 | V12: =+T12*L12 -> 5.075 | W12: =+$B$12 -> Schweppes Soda Water 330ml (24cans) | Y12: =+$R$12 -> 0 | Z12: =+Y12*1 -> 0 | AA12: =+Y12 -> 0 | AB12: =+Z12 -> 0
A13: =+A12+1 -> 6 | B13: Schweppes Tonic Water 330ml (24cans) | C13: ទឹកតូនិច (កំប៉ុង៣៣០មម) | D13: 48 | E13: 19 | F13: =8.7/24 -> 0.3625 | G13: =+E13*F13 -> 6.8875 | J13: =+H13*I13 -> 0 | K13: =+E13+H13 -> 19 | L13: =IF(K13=0,,M13/K13) -> 0.3625 | M13: =+J13+G13 -> 6.8875 | O13: =+L13*N13 -> 0 | Q13: =+P13*L13 -> 0 | S13: =+R13*L13 -> 0 | T13: =+K13-N13-P13-R13 -> 19 | U13: =IF(T13=0,,V13/T13) -> 0.3625 | V13: =+T13*L13 -> 6.8875 | W13: =+$B$13 -> Schweppes Tonic Water 330ml (24cans) | Y13: =+$R$13 -> 0 | Z13: =+Y13*1 -> 0 | AA13: =+Y13 -> 0 | AB13: =+Z13 -> 0
A14: =+A13+1 -> 7 | B14: Schweppes Ginger Ale 330ml (24cans) | C14: ទឹក Ginger ale (កំប៉ុង៣៣០មម) | D14: 48 | E14: 20 | F14: =8.7/24 -> 0.3625 | G14: =+E14*F14 -> 7.25 | J14: =+H14*I14 -> 0 | K14: =+E14+H14 -> 20 | L14: =IF(K14=0,,M14/K14) -> 0.3625 | M14: =+J14+G14 -> 7.25 | O14: =+L14*N14 -> 0 | Q14: =+P14*L14 -> 0 | S14: =+R14*L14 -> 0 | T14: =+K14-N14-P14-R14 -> 20 | U14: =IF(T14=0,,V14/T14) -> 0.3625 | V14: =+T14*L14 -> 7.25 | W14: =+$B$14 -> Schweppes Ginger Ale 330ml (24cans) | Y14: =+$R$14 -> 0 | Z14: =+Y14*1 -> 0 | AA14: =+Y14 -> 0 | AB14: =+Z14 -> 0
B15: TOTAL SOFT DRINK | D15: =+SUM(D8:D14) -> 336 | E15: =+SUM(E8:E14) -> 85 | G15: =+SUM(G8:G14) -> 30.8125 | H15: =+SUM(H8:H14) -> 0 | J15: =+SUM(J8:J14) -> 0 | K15: =+SUM(K8:K14) -> 85 | M15: =+SUM(M8:M14) -> 30.8125 | N15: =+SUM(N8:N14) -> 0 | O15: =+SUM(O8:O14) -> 0 | P15: =+SUM(P8:P14) -> 0 | Q15: =+SUM(Q8:Q14) -> 0 | R15: =+SUM(R8:R14) -> 0 | S15: =+SUM(S8:S14) -> 0 | T15: =+SUM(T8:T14) -> 85 | V15: =+SUM(V8:V14) -> 30.8125 | W15: =+$B$17 -> Dasani 500ml (24 Btl) | Y15: =+$R$17 -> 1 | Z15: =+Y15*0.5 -> 0.5 | AA15: =+Y15 -> 1 | AB15: =+Z15 -> 0.5
B16: Water | W16: =+$B$20 -> TIGER BEER 330ml CAN | Y16: =+$R$20 -> 0 | Z16: =+Y16*1.25 -> 0 | AA16: =+Y16 -> 0 | AB16: =+Z16 -> 0
A17: =+A14+1 -> 8 | B17: Dasani 500ml (24 Btl) | D17: 48 | E17: 34 | F17: =3.56/24 -> 0.14833333 | G17: =+E17*F17 -> 5.0433333 | J17: =+H17*I17 -> 0 | K17: =+E17+H17 -> 34 | L17: =IF(K17=0,,M17/K17) -> 0.14833333 | M17: =+J17+G17 -> 5.0433333 | O17: =+L17*N17 -> 0 | Q17: =+P17*L17 -> 0 | R17: 1 | S17: =+R17*L17 -> 0.14833333 | T17: =+K17-N17-P17-R17 -> 33 | U17: =IF(T17=0,,V17/T17) -> 0.14833333 | V17: =+T17*L17 -> 4.895 | W17: =+$B$21 -> Heineken 330ml CAN | Y17: =+$R$21 -> 0 | Z17: =+Y17*1.25 -> 0 | AA17: =+Y17 -> 0 | AB17: =+Z17 -> 0
B18: TOTAL Water | D18: =+D17 -> 48 | E18: =+E17 -> 34 | G18: =+G17 -> 5.0433333 | H18: =+H17 -> 0 | J18: =+J17 -> 0 | K18: =+K17 -> 34 | M18: =+M17 -> 5.0433333 | N18: =+N17 -> 0 | O18: =+O17 -> 0 | P18: =+P17 -> 0 | Q18: =+Q17 -> 0 | R18: =+R17 -> 1 | S18: =+S17 -> 0.14833333 | T18: =+T17 -> 33 | V18: =+V17 -> 4.895 | W18: =+B22 -> 0 | Y18: =+$R$22 -> 0 | Z18: =+Y18*1 -> 0 | AA18: =+Y18 -> 0 | AB18: =+Z18 -> 0
B19: Beer | W19: =+B23 -> 0 | Y19: =+$R$23 -> 0 | Z19: =+Y19*1 -> 0 | AA19: =+Y19 -> 0 | AB19: =+Z19 -> 0
A20: =+A19+1 -> 1 | B20: TIGER BEER 330ml CAN | C20: ស្រាបៀរថៃហ្គ័រ (កំប៉ុង ៣៣០មល) | D20: 48 | E20: 32 | F20: 0.48 | G20: =+E20*F20 -> 15.36 | J20: =+H20*I20 -> 0 | K20: =+E20+H20 -> 32 | L20: =IF(K20=0,,M20/K20) -> 0.48 | M20: =+J20+G20 -> 15.36 | O20: =+L20*N20 -> 0 | Q20: =+P20*L20 -> 0 | S20: =+R20*L20 -> 0 | T20: =+K20-N20-P20-R20 -> 32 | U20: =IF(T20=0,,V20/T20) -> 0.48 | V20: =+T20*L20 -> 15.36 | W20: TOTAL | Y20: =+SUM(Y8:Y19) -> 1 | Z20: =+SUM(Z8:Z19) -> 0.5 | AA20: =+SUM(AA8:AA19) -> 1 | AB20: =+SUM(AB8:AB19) -> 0.5
A21: =+A20+1 -> 2 | B21: Heineken 330ml CAN | C21: ស្រាបៀរហេន័រឃិន (កំប៉ុង ៣៣០មល) | D21: 48 | E21: 29 | F21: 0.65 | G21: =+E21*F21 -> 18.85 | J21: =+H21*I21 -> 0 | K21: =+E21+H21 -> 29 | L21: =IF(K21=0,,M21/K21) -> 0.65 | M21: =+J21+G21 -> 18.85 | O21: =+L21*N21 -> 0 | Q21: =+P21*L21 -> 0 | S21: =+R21*L21 -> 0 | T21: =+K21-N21-P21-R21 -> 29 | U21: =IF(T21=0,,V21/T21) -> 0.65 | V21: =+T21*L21 -> 18.85
A22: =+A21+1 -> 3 | G22: =+E22*F22 -> 0 | J22: =+H22*I22 -> 0 | K22: =+E22+H22 -> 0 | L22: =IF(K22=0,,M22/K22) -> 0 | M22: =+J22+G22 -> 0 | O22: =+L22*N22 -> 0 | Q22: =+P22*L22 -> 0 | S22: =+R22*L22 -> 0 | T22: =+K22-N22-P22-R22 -> 0 | U22: =IF(T22=0,,V22/T22) -> 0 | V22: =+T22*L22 -> 0
A23: =+A22+1 -> 4 | G23: =+E23*F23 -> 0 | J23: =+H23*I23 -> 0 | K23: =+E23+H23 -> 0 | L23: =IF(K23=0,,M23/K23) -> 0 | M23: =+J23+G23 -> 0 | O23: =+L23*N23 -> 0 | Q23: =+P23*L23 -> 0 | S23: =+R23*L23 -> 0 | T23: =+K23-N23-P23-R23 -> 0 | U23: =IF(T23=0,,V23/T23) -> 0 | V23: =+T23*L23 -> 0
A24: =+A23+1 -> 5 | G24: =+E24*F24 -> 0 | J24: =+H24*I24 -> 0 | K24: =+E24+H24 -> 0 | L24: =IF(K24=0,,M24/K24) -> 0 | M24: =+J24+G24 -> 0 | O24: =+L24*N24 -> 0 | Q24: =+P24*L24 -> 0 | S24: =+R24*L24 -> 0 | T24: =+K24-N24-P24-R24 -> 0 | U24: =IF(T24=0,,V24/T24) -> 0 | V24: =+T24*L24 -> 0
A25: =+A24+1 -> 6 | G25: =+E25*F25 -> 0 | J25: =+H25*I25 -> 0 | K25: =+E25+H25 -> 0 | L25: =IF(K25=0,,M25/K25) -> 0 | M25: =+J25+G25 -> 0 | O25: =+L25*N25 -> 0 | Q25: =+P25*L25 -> 0 | S25: =+R25*L25 -> 0 | T25: =+K25-N25-P25-R25 -> 0 | U25: =IF(T25=0,,V25/T25) -> 0 | V25: =+T25*L25 -> 0
A26: =+A25+1 -> 7 | G26: =+E26*F26 -> 0 | J26: =+H26*I26 -> 0 | K26: =+E26+H26 -> 0 | L26: =IF(K26=0,,M26/K26) -> 0 | M26: =+J26+G26 -> 0 | O26: =+L26*N26 -> 0 | Q26: =+P26*L26 -> 0 | S26: =+R26*L26 -> 0 | T26: =+K26-N26-P26-R26 -> 0 | U26: =IF(T26=0,,V26/T26) -> 0 | V26: =+T26*L26 -> 0
A27: =+A26+1 -> 8 | G27: =+E27*F27 -> 0 | J27: =+H27*I27 -> 0 | K27: =+E27+H27 -> 0 | L27: =IF(K27=0,,M27/K27) -> 0 | M27: =+J27+G27 -> 0 | O27: =+L27*N27 -> 0 | Q27: =+P27*L27 -> 0 | S27: =+R27*L27 -> 0 | T27: =+K27-N27-P27-R27 -> 0 | U27: =IF(T27=0,,V27/T27) -> 0 | V27: =+T27*L27 -> 0
A28: =+A27+1 -> 9 | G28: =+E28*F28 -> 0 | J28: =+H28*I28 -> 0 | K28: =+E28+H28 -> 0 | L28: =IF(K28=0,,M28/K28) -> 0 | M28: =+J28+G28 -> 0 | O28: =+L28*N28 -> 0 | Q28: =+P28*L28 -> 0 | S28: =+R28*L28 -> 0 | T28: =+K28-N28-P28-R28 -> 0 | U28: =IF(T28=0,,V28/T28) -> 0 | V28: =+T28*L28 -> 0
A29: =+A28+1 -> 10 | G29: =+E29*F29 -> 0 | J29: =+H29*I29 -> 0 | K29: =+E29+H29 -> 0 | L29: =IF(K29=0,,M29/K29) -> 0 | M29: =+J29+G29 -> 0 | O29: =+L29*N29 -> 0 | Q29: =+P29*L29 -> 0 | S29: =+R29*L29 -> 0 | T29: =+K29-N29-P29-R29 -> 0 | U29: =IF(T29=0,,V29/T29) -> 0 | V29: =+T29*L29 -> 0
A30: =+A29+1 -> 11 | G30: =+E30*F30 -> 0 | J30: =+H30*I30 -> 0 | K30: =+E30+H30 -> 0 | L30: =IF(K30=0,,M30/K30) -> 0 | M30: =+J30+G30 -> 0 | O30: =+L30*N30 -> 0 | Q30: =+P30*L30 -> 0 | S30: =+R30*L30 -> 0 | T30: =+K30-N30-P30-R30 -> 0 | U30: =IF(T30=0,,V30/T30) -> 0 | V30: =+T30*L30 -> 0
A31: =+A30+1 -> 12 | G31: =+E31*F31 -> 0 | J31: =+H31*I31 -> 0 | K31: =+E31+H31 -> 0 | L31: =IF(K31=0,,M31/K31) -> 0 | M31: =+J31+G31 -> 0 | O31: =+L31*N31 -> 0 | Q31: =+P31*L31 -> 0 | S31: =+R31*L31 -> 0 | T31: =+K31-N31-P31-R31 -> 0 | U31: =IF(T31=0,,V31/T31) -> 0 | V31: =+T31*L31 -> 0
A32: =+A31+1 -> 13 | G32: =+E32*F32 -> 0 | J32: =+H32*I32 -> 0 | K32: =+E32+H32 -> 0 | L32: =IF(K32=0,,M32/K32) -> 0 | M32: =+J32+G32 -> 0 | O32: =+L32*N32 -> 0 | Q32: =+P32*L32 -> 0 | S32: =+R32*L32 -> 0 | T32: =+K32-N32-P32-R32 -> 0 | U32: =IF(T32=0,,V32/T32) -> 0 | V32: =+T32*L32 -> 0
A33: =+A32+1 -> 14 | G33: =+E33*F33 -> 0 | J33: =+H33*I33 -> 0 | K33: =+E33+H33 -> 0 | L33: =IF(K33=0,,M33/K33) -> 0 | M33: =+J33+G33 -> 0 | O33: =+L33*N33 -> 0 | Q33: =+P33*L33 -> 0 | S33: =+R33*L33 -> 0 | T33: =+K33-N33-P33-R33 -> 0 | U33: =IF(T33=0,,V33/T33) -> 0 | V33: =+T33*L33 -> 0
... A37: =+A36+1 -> 18 | G37: =+E37*F37 -> 0 | J37: =+H37*I37 -> 0 | K37: =+E37+H37 -> 0 | L37: =IF(K37=0,,M37/K37) -> 0 | M37: =+J37+G37 -> 0 | O37: =+L37*N37 -> 0 | Q37: =+P37*L37 -> 0 | S37: =+R37*L37 -> 0 | T37: =+K37-N37-P37-R37 -> 0 | U37: =IF(T37=0,,V37/T37) -> 0 | V37: =+T37*L37 -> 0
B38: TOTAL BEER | D38: =+SUM(D20:D24) -> 96 | E38: =+SUM(E20:E24) -> 61 | G38: =+SUM(G20:G37) -> 34.21 | H38: =+SUM(H20:H37) -> 0 | J38: =+SUM(J20:J37) -> 0 | K38: =+SUM(K20:K37) -> 61 | M38: =+SUM(M20:M37) -> 34.21 | N38: =+SUM(N20:N37) -> 0 | O38: =+SUM(O20:O37) -> 0 | P38: =+SUM(P20:P37) -> 0 | Q38: =+SUM(Q20:Q37) -> 0 | R38: =+SUM(R20:R37) -> 0 | S38: =+SUM(S20:S37) -> 0 | T38: =+SUM(T20:T37) -> 61 | V38: =+SUM(V20:V37) -> 34.21
B39: Grand TOTAL | D39: =+SUM(D8:D38)/2 -> 480 | E39: =+SUM(E7:E38)/2 -> 180 | G39: =+SUM(G7:G38)/2 -> 70.065833 | H39: =+SUM(H7:H38)/2 -> 0 | J39: =+SUM(J7:J38)/2 -> 0 | K39: =+SUM(K7:K38)/2 -> 180 | M39: =+SUM(M7:M38)/2 -> 70.065833 | N39: =+SUM(N7:N38)/2 -> 0 | O39: =+SUM(O7:O38)/2 -> 0 | P39: =+SUM(P7:P38)/2 -> 0 | Q39: =+SUM(Q7:Q38)/2 -> 0 | R39: =+SUM(R7:R38)/2 -> 1 | S39: =+SUM(S7:S38)/2 -> 0.14833333 | T39: =+SUM(T7:T38)/2 -> 179 | V39: =+SUM(V7:V38)/2 -> 69.9175
A41: Prepared By: | H41: Checked By | R41: Acknowledge By:
A47: …........./……....../…........... | H47: …........./……....../…........... | R47: …........./……....../…...........

Sheet 02
A2: Stock Inventory Report of JULY 2026
S4: Date | T4: =+'01'!T4+1 -> 45840 | W4: Sale Report
A5: Nº | B5: Item Name | D5: Par Stock | E5: Opening | H5: Request | K5: In Stock | N5: Lost /Spoil | O5: Transfer out | P5: Cost of FOC | Q5: Cost of Sale | R5: Consumption | S5: Cost of Sale | T5: Closing
B6: English | C6: Khmer | E6: ដើមគ្រា | H6: បើកចូល | K6: ទំនិញមានក្នុងស្តុក | N6: ខូច/បាត់ | O6: ផ្ទេរចេញ | P6: ថ្លៃដើមព្រី | Q6: ថ្លៃដើមលក់ | R6: ថ្លៃដើមលក់ | S6: ថ្លៃដើមលក់ | T6: ចុងគ្រា | W6: Daily | AA6: Monthly
B7: ='01'!B7 -> Soft Drink | C7: ភេសជ្ជៈ | E7: Qtt | F7: U.P | G7: Amount | H7: Qtt | I7: U.P | J7: Amount | K7: Qtt | L7: U.P | M7: Amount | N7: Qtt | O7: Amount | P7: Qtt | Q7: Amount | R7: Qtt | S7: Amount | T7: Qtt | U7: U.P | V7: Amount | Y7: Qty | Z7: Amount | AA7: Qty | AB7: Amount
A8: 1 | B8: ='01'!B8 -> Cocacola Classic 330ml (24cans) | C8: ='01'!C8 -> កូកា ក្លាស៊ិក (កំប៉ុង៣៣០មម) | D8: ='01'!D8 -> 48 | E8: =+'01'!T8 -> 1 | F8: =+'01'!U8 -> 0.3625 | G8: =+'01'!V8 -> 0.3625 | J8: =+H8*I8 -> 0 | K8: =+E8+H8 -> 1 | L8: =IF(K8=0,,M8/K8) -> 0.3625 | M8: =+J8+G8 -> 0.3625 | O8: =+N8*L8 -> 0 | Q8: =+P8*L8 -> 0 | S8: =+R8*L8 -> 0 | T8: =+K8-N8-P8-R8 -> 1 | U8: =IF(T8=0,,V8/T8) -> 0.3625 | V8: =+T8*L8 -> 0.3625 | W8: =+$B$8 -> Cocacola Classic 330ml (24cans) | Y8: =+$R$8 -> 0 | Z8: =+Y8*1 -> 0 | AA8: =+Y8+'01'!AA8 -> 0 | AB8: =+Z8+'01'!AB8 -> 0
A9: =+A8+1 -> 2 | B9: ='01'!B9 -> Cocacola Zero 330ml (24cans) | C9: ='01'!C9 -> កូកា សេរ៉ូ (កំប៉ុង៣៣០មម) | D9: ='01'!D9 -> 48 | E9: =+'01'!T9 -> 18 | F9: =+'01'!U9 -> 0.3625 | G9: =+'01'!V9 -> 6.525 | J9: =+H9*I9 -> 0 | K9: =+E9+H9 -> 18 | L9: =IF(K9=0,,M9/K9) -> 0.3625 | M9: =+J9+G9 -> 6.525 | O9: =+N9*L9 -> 0 | Q9: =+P9*L9 -> 0 | S9: =+R9*L9 -> 0 | T9: =+K9-N9-P9-R9 -> 18 | U9: =IF(T9=0,,V9/T9) -> 0.3625 | V9: =+T9*L9 -> 6.525 | W9: =+$B$9 -> Cocacola Zero 330ml (24cans) | Y9: =+$R$9 -> 0 | Z9: =+Y9*1 -> 0 | AA9: =+Y9+'01'!AA9 -> 0 | AB9: =+Z9+'01'!AB9 -> 0
A10: =+A9+1 -> 3 | B10: ='01'!B10 -> Cocacola Light 330ml (24cans) | C10: ='01'!C10 -> កូកា ឡៃ (កំប៉ុង៣៣០មម) | D10: ='01'!D10 -> 48 | E10: =+'01'!T10 -> 11 | F10: =+'01'!U10 -> 0.3625 | G10: =+'01'!V10 -> 3.9875 | J10: =+H10*I10 -> 0 | K10: =+E10+H10 -> 11 | L10: =IF(K10=0,,M10/K10) -> 0.3625 | M10: =+J10+G10 -> 3.9875 | O10: =+N10*L10 -> 0 | Q10: =+P10*L10 -> 0 | S10: =+R10*L10 -> 0 | T10: =+K10-N10-P10-R10 -> 11 | U10: =IF(T10=0,,V10/T10) -> 0.3625 | V10: =+T10*L10 -> 3.9875 | W10: =+$B$10 -> Cocacola Light 330ml (24cans) | Y10: =+$R$10 -> 0 | Z10: =+Y10*1 -> 0 | AA10: =+Y10+'01'!AA10 -> 0 | AB10: =+Z10+'01'!AB10 -> 0
A11: =+A10+1 -> 4 | B11: ='01'!B11 -> Sprite 330ml (24cans) | C11: ='01'!C11 -> ស្ព្រៃ (កំប៉ុង៣៣០មម) | D11: ='01'!D11 -> 48 | E11: =+'01'!T11 -> 2 | F11: =+'01'!U11 -> 0.3625 | G11: =+'01'!V11 -> 0.725 | J11: =+H11*I11 -> 0 | K11: =+E11+H11 -> 2 | L11: =IF(K11=0,,M11/K11) -> 0.3625 | M11: =+J11+G11 -> 0.725 | O11: =+N11*L11 -> 0 | Q11: =+P11*L11 -> 0 | S11: =+R11*L11 -> 0 | T11: =+K11-N11-P11-R11 -> 2 | U11: =IF(T11=0,,V11/T11) -> 0.3625 | V11: =+T11*L11 -> 0.725 | W11: =+$B$11 -> Sprite 330ml (24cans) | Y11: =+$R$11 -> 0 | Z11: =+Y11*1 -> 0 | AA11: =+Y11+'01'!AA11 -> 0 | AB11: =+Z11+'01'!AB11 -> 0
A12: =+A11+1 -> 5 | B12: ='01'!B12 -> Schweppes Soda Water 330ml (24cans) | C12: ='01'!C12 -> ទឹកសូដា (កំប៉ុង៣៣០មម) | D12: ='01'!D12 -> 48 | E12: =+'01'!T12 -> 14 | F12: =+'01'!U12 -> 0.3625 | G12: =+'01'!V12 -> 5.075 | J12: =+H12*I12 -> 0 | K12: =+E12+H12 -> 14 | L12: =IF(K12=0,,M12/K12) -> 0.3625 | M12: =+J12+G12 -> 5.075 | O12: =+N12*L12 -> 0 | Q12: =+P12*L12 -> 0 | S12: =+R12*L12 -> 0 | T12: =+K12-N12-P12-R12 -> 14 | U12: =IF(T12=0,,V12/T12) -> 0.3625 | V12: =+T12*L12 -> 5.075 | W12: =+$B$12 -> Schweppes Soda Water 330ml (24cans) | Y12: =+$R$12 -> 0 | Z12: =+Y12*1 -> 0 | AA12: =+Y12+'01'!AA12 -> 0 | AB12: =+Z12+'01'!AB12 -> 0
A13: =+A12+1 -> 6 | B13: ='01'!B13 -> Schweppes Tonic Water 330ml (24cans) | C13: ='01'!C13 -> ទឹកតូនិច (កំប៉ុង៣៣០មម) | D13: ='01'!D13 -> 48 | E13: =+'01'!T13 -> 19 | F13: =+'01'!U13 -> 0.3625 | G13: =+'01'!V13 -> 6.8875 | J13: =+H13*I13 -> 0 | K13: =+E13+H13 -> 19 | L13: =IF(K13=0,,M13/K13) -> 0.3625 | M13: =+J13+G13 -> 6.8875 | O13: =+N13*L13 -> 0 | Q13: =+P13*L13 -> 0 | S13: =+R13*L13 -> 0 | T13: =+K13-N13-P13-R13 -> 19 | U13: =IF(T13=0,,V13/T13) -> 0.3625 | V13: =+T13*L13 -> 6.8875 | W13: =+$B$13 -> Schweppes Tonic Water 330ml (24cans) | Y13: =+$R$13 -> 0 | Z13: =+Y13*1 -> 0 | AA13: =+Y13+'01'!AA13 -> 0 | AB13: =+Z13+'01'!AB13 -> 0
A14: =+A13+1 -> 7 | B14: ='01'!B14 -> Schweppes Ginger Ale 330ml (24cans) | C14: ='01'!C14 -> ទឹក Ginger ale (កំប៉ុង៣៣០មម) | D14: ='01'!D14 -> 48 | E14: =+'01'!T14 -> 20 | F14: =+'01'!U14 -> 0.3625 | G14: =+'01'!V14 -> 7.25 | J14: =+H14*I14 -> 0 | K14: =+E14+H14 -> 20 | L14: =IF(K14=0,,M14/K14) -> 0.3625 | M14: =+J14+G14 -> 7.25 | O14: =+N14*L14 -> 0 | Q14: =+P14*L14 -> 0 | S14: =+R14*L14 -> 0 | T14: =+K14-N14-P14-R14 -> 20 | U14: =IF(T14=0,,V14/T14) -> 0.3625 | V14: =+T14*L14 -> 7.25 | W14: =+$B$14 -> Schweppes Ginger Ale 330ml (24cans) | Y14: =+$R$14 -> 0 | Z14: =+Y14*1 -> 0 | AA14: =+Y14+'01'!AA14 -> 0 | AB14: =+Z14+'01'!AB14 -> 0
B15: ='01'!B15 -> TOTAL SOFT DRINK | C15: ='01'!C15 -> 0 | D15: ='01'!D15 -> 336 | E15: =+SUM(E8:E14) -> 85 | G15: =+SUM(G8:G14) -> 30.8125 | H15: =+SUM(H8:H14) -> 0 | J15: =+SUM(J8:J14) -> 0 | K15: =+SUM(K8:K14) -> 85 | M15: =+SUM(M8:M14) -> 30.8125 | N15: =+SUM(N8:N14) -> 0 | O15: =+SUM(O8:O14) -> 0 | P15: =+SUM(P8:P14) -> 0 | Q15: =+SUM(Q8:Q14) -> 0 | R15: =+SUM(R8:R14) -> 0 | S15: =+SUM(S8:S14) -> 0 | T15: =+SUM(T8:T14) -> 85 | V15: =+SUM(V8:V14) -> 30.8125 | W15: =+$B$17 -> Dasani 500ml (24 Btl) | Y15: =+$R$17 -> 0 | Z15: =+Y15*0.5 -> 0 | AA15: =+Y15+'01'!AA15 -> 1 | AB15: =+Z15+'01'!AB15 -> 0.5
B16: ='01'!B16 -> Water | C16: ='01'!C16 -> 0 | D16: ='01'!D16 -> 0 | W16: =+$B$20 -> TIGER BEER 330ml CAN | Y16: =+$R$20 -> 0 | Z16: =+Y16*1.25 -> 0 | AA16: =+Y16+'01'!AA16 -> 0 | AB16: =+Z16+'01'!AB16 -> 0
A17: =+A14+1 -> 8 | B17: ='01'!B17 -> Dasani 500ml (24 Btl) | C17: ='01'!C17 -> 0 | D17: ='01'!D17 -> 48 | E17: =+'01'!T17 -> 33 | F17: =+'01'!U17 -> 0.14833333 | G17: =+'01'!V17 -> 4.895 | J17: =+H17*I17 -> 0 | K17: =+E17+H17 -> 33 | L17: =IF(K17=0,,M17/K17) -> 0.14833333 | M17: =+J17+G17 -> 4.895 | O17: =+N17*L17 -> 0 | Q17: =+P17*L17 -> 0 | S17: =+R17*L17 -> 0 | T17: =+K17-N17-P17-R17 -> 33 | U17: =IF(T17=0,,V17/T17) -> 0.14833333 | V17: =+T17*L17 -> 4.895 | W17: =+$B$21 -> Heineken 330ml CAN | Y17: =+$R$21 -> 0 | Z17: =+Y17*1.25 -> 0 | AA17: =+Y17+'01'!AA17 -> 0 | AB17: =+Z17+'01'!AB17 -> 0
B18: ='01'!B18 -> TOTAL Water | C18: ='01'!C18 -> 0 | D18: ='01'!D18 -> 48 | E18: =+E17 -> 33 | G18: =+G17 -> 4.895 | H18: =+H17 -> 0 | J18: =+J17 -> 0 | K18: =+K17 -> 33 | M18: =+M17 -> 4.895 | N18: =+N17 -> 0 | O18: =+O17 -> 0 | P18: =+P17 -> 0 | Q18: =+Q17 -> 0 | R18: =+R17 -> 0 | S18: =+S17 -> 0 | T18: =+T17 -> 33 | V18: =+V17 -> 4.895 | Y18: =+$R$22 -> 0 | Z18: =+Y18*1 -> 0 | AA18: =+Y18+'01'!AA18 -> 0 | AB18: =+Z18+'01'!AB18 -> 0
B19: ='01'!B19 -> Beer | C19: ='01'!C19 -> 0 | D19: ='01'!D19 -> 0 | Y19: =+$R$23 -> 0 | Z19: =+Y19*1 -> 0 | AA19: =+Y19+'01'!AA19 -> 0 | AB19: =+Z19+'01'!AB19 -> 0
A20: =+A19+1 -> 1 | B20: ='01'!B20 -> TIGER BEER 330ml CAN | C20: ='01'!C20 -> ស្រាបៀរថៃហ្គ័រ (កំប៉ុង ៣៣០មល) | D20: ='01'!D20 -> 48 | E20: =+'01'!T20 -> 32 | F20: =+'01'!U20 -> 0.48 | G20: =+'01'!V20 -> 15.36 | J20: =+H20*I20 -> 0 | K20: =+E20+H20 -> 32 | L20: =IF(K20=0,,M20/K20) -> 0.48 | M20: =+J20+G20 -> 15.36 | O20: =+N20*L20 -> 0 | Q20: =+P20*L20 -> 0 | S20: =+R20*L20 -> 0 | T20: =+K20-N20-P20-R20 -> 32 | U20: =IF(T20=0,,V20/T20) -> 0.48 | V20: =+T20*L20 -> 15.36 | W20: TOTAL | Y20: =+SUM(Y8:Y19) -> 0 | Z20: =+SUM(Z8:Z19) -> 0 | AA20: =+SUM(AA8:AA19) -> 1 | AB20: =+SUM(AB8:AB19) -> 0.5
A21: =+A20+1 -> 2 | B21: ='01'!B21 -> Heineken 330ml CAN | C21: ='01'!C21 -> ស្រាបៀរហេន័រឃិន (កំប៉ុង ៣៣០មល) | D21: ='01'!D21 -> 48 | E21: =+'01'!T21 -> 29 | F21: =+'01'!U21 -> 0.65 | G21: =+'01'!V21 -> 18.85 | J21: =+H21*I21 -> 0 | K21: =+E21+H21 -> 29 | L21: =IF(K21=0,,M21/K21) -> 0.65 | M21: =+J21+G21 -> 18.85 | O21: =+N21*L21 -> 0 | Q21: =+P21*L21 -> 0 | S21: =+R21*L21 -> 0 | T21: =+K21-N21-P21-R21 -> 29 | U21: =IF(T21=0,,V21/T21) -> 0.65 | V21: =+T21*L21 -> 18.85
A22: =+A21+1 -> 3 | B22: ='01'!B22 -> 0 | C22: ='01'!C22 -> 0 | D22: ='01'!D22 -> 0 | E22: =+'01'!T22 -> 0 | F22: =+'01'!U22 -> 0 | G22: =+'01'!V22 -> 0 | J22: =+H22*I22 -> 0 | K22: =+E22+H22 -> 0 | L22: =IF(K22=0,,M22/K22) -> 0 | M22: =+J22+G22 -> 0 | O22: =+N22*L22 -> 0 | Q22: =+P22*L22 -> 0 | S22: =+R22*L22 -> 0 | T22: =+K22-N22-P22-R22 -> 0 | U22: =IF(T22=0,,V22/T22) -> 0 | V22: =+T22*L22 -> 0
A23: =+A22+1 -> 4 | B23: ='01'!B23 -> 0 | C23: ='01'!C23 -> 0 | D23: ='01'!D23 -> 0 | E23: =+'01'!T23 -> 0 | F23: =+'01'!U23 -> 0 | G23: =+'01'!V23 -> 0 | J23: =+H23*I23 -> 0 | K23: =+E23+H23 -> 0 | L23: =IF(K23=0,,M23/K23) -> 0 | M23: =+J23+G23 -> 0 | O23: =+N23*L23 -> 0 | Q23: =+P23*L23 -> 0 | S23: =+R23*L23 -> 0 | T23: =+K23-N23-P23-R23 -> 0 | U23: =IF(T23=0,,V23/T23) -> 0 | V23: =+T23*L23 -> 0
A24: =+A23+1 -> 5 | B24: ='01'!B24 -> 0 | C24: ='01'!C24 -> 0 | D24: ='01'!D24 -> 0 | E24: =+'01'!T24 -> 0 | F24: =+'01'!U24 -> 0 | G24: =+'01'!V24 -> 0 | J24: =+H24*I24 -> 0 | K24: =+E24+H24 -> 0 | L24: =IF(K24=0,,M24/K24) -> 0 | M24: =+J24+G24 -> 0 | O24: =+N24*L24 -> 0 | Q24: =+P24*L24 -> 0 | S24: =+R24*L24 -> 0 | T24: =+K24-N24-P24-R24 -> 0 | U24: =IF(T24=0,,V24/T24) -> 0 | V24: =+T24*L24 -> 0
A25: =+A24+1 -> 6 | D25: ='01'!D25 -> 0 | E25: =+'01'!T25 -> 0 | F25: =+'01'!U25 -> 0 | G25: =+'01'!V25 -> 0 | J25: =+H25*I25 -> 0 | K25: =+E25+H25 -> 0 | L25: =IF(K25=0,,M25/K25) -> 0 | M25: =+J25+G25 -> 0 | O25: =+N25*L25 -> 0 | Q25: =+P25*L25 -> 0 | S25: =+R25*L25 -> 0 | T25: =+K25-N25-P25-R25 -> 0 | U25: =IF(T25=0,,V25/T25) -> 0 | V25: =+T25*L25 -> 0
A26: =+A25+1 -> 7 | D26: ='01'!D26 -> 0 | E26: =+'01'!T26 -> 0 | F26: =+'01'!U26 -> 0 | G26: =+'01'!V26 -> 0 | J26: =+H26*I26 -> 0 | K26: =+E26+H26 -> 0 | L26: =IF(K26=0,,M26/K26) -> 0 | M26: =+J26+G26 -> 0 | O26: =+N26*L26 -> 0 | Q26: =+P26*L26 -> 0 | S26: =+R26*L26 -> 0 | T26: =+K26-N26-P26-R26 -> 0 | U26: =IF(T26=0,,V26/T26) -> 0 | V26: =+T26*L26 -> 0
A27: =+A26+1 -> 8 | D27: ='01'!D27 -> 0 | E27: =+'01'!T27 -> 0 | F27: =+'01'!U27 -> 0 | G27: =+'01'!V27 -> 0 | J27: =+H27*I27 -> 0 | K27: =+E27+H27 -> 0 | L27: =IF(K27=0,,M27/K27) -> 0 | M27: =+J27+G27 -> 0 | O27: =+N27*L27 -> 0 | Q27: =+P27*L27 -> 0 | S27: =+R27*L27 -> 0 | T27: =+K27-N27-P27-R27 -> 0 | U27: =IF(T27=0,,V27/T27) -> 0 | V27: =+T27*L27 -> 0
A28: =+A27+1 -> 9 | D28: ='01'!D28 -> 0 | E28: =+'01'!T28 -> 0 | F28: =+'01'!U28 -> 0 | G28: =+'01'!V28 -> 0 | J28: =+H28*I28 -> 0 | K28: =+E28+H28 -> 0 | L28: =IF(K28=0,,M28/K28) -> 0 | M28: =+J28+G28 -> 0 | O28: =+N28*L28 -> 0 | Q28: =+P28*L28 -> 0 | S28: =+R28*L28 -> 0 | T28: =+K28-N28-P28-R28 -> 0 | U28: =IF(T28=0,,V28/T28) -> 0 | V28: =+T28*L28 -> 0
A29: =+A28+1 -> 10 | D29: ='01'!D29 -> 0 | E29: =+'01'!T29 -> 0 | F29: =+'01'!U29 -> 0 | G29: =+'01'!V29 -> 0 | J29: =+H29*I29 -> 0 | K29: =+E29+H29 -> 0 | L29: =IF(K29=0,,M29/K29) -> 0 | M29: =+J29+G29 -> 0 | O29: =+N29*L29 -> 0 | Q29: =+P29*L29 -> 0 | S29: =+R29*L29 -> 0 | T29: =+K29-N29-P29-R29 -> 0 | U29: =IF(T29=0,,V29/T29) -> 0 | V29: =+T29*L29 -> 0
A30: =+A29+1 -> 11 | D30: ='01'!D30 -> 0 | E30: =+'01'!T30 -> 0 | F30: =+'01'!U30 -> 0 | G30: =+'01'!V30 -> 0 | J30: =+H30*I30 -> 0 | K30: =+E30+H30 -> 0 | L30: =IF(K30=0,,M30/K30) -> 0 | M30: =+J30+G30 -> 0 | O30: =+N30*L30 -> 0 | Q30: =+P30*L30 -> 0 | S30: =+R30*L30 -> 0 | T30: =+K30-N30-P30-R30 -> 0 | U30: =IF(T30=0,,V30/T30) -> 0 | V30: =+T30*L30 -> 0
A31: =+A30+1 -> 12 | D31: ='01'!D31 -> 0 | E31: =+'01'!T31 -> 0 | F31: =+'01'!U31 -> 0 | G31: =+'01'!V31 -> 0 | J31: =+H31*I31 -> 0 | K31: =+E31+H31 -> 0 | L31: =IF(K31=0,,M31/K31) -> 0 | M31: =+J31+G31 -> 0 | O31: =+N31*L31 -> 0 | Q31: =+P31*L31 -> 0 | S31: =+R31*L31 -> 0 | T31: =+K31-N31-P31-R31 -> 0 | U31: =IF(T31=0,,V31/T31) -> 0 | V31: =+T31*L31 -> 0
A32: =+A31+1 -> 13 | D32: ='01'!D32 -> 0 | E32: =+'01'!T32 -> 0 | F32: =+'01'!U32 -> 0 | G32: =+'01'!V32 -> 0 | J32: =+H32*I32 -> 0 | K32: =+E32+H32 -> 0 | L32: =IF(K32=0,,M32/K32) -> 0 | M32: =+J32+G32 -> 0 | O32: =+N32*L32 -> 0 | Q32: =+P32*L32 -> 0 | S32: =+R32*L32 -> 0 | T32: =+K32-N32-P32-R32 -> 0 | U32: =IF(T32=0,,V32/T32) -> 0 | V32: =+T32*L32 -> 0
A33: =+A32+1 -> 14 | D33: ='01'!D33 -> 0 | E33: =+'01'!T33 -> 0 | F33: =+'01'!U33 -> 0 | G33: =+'01'!V33 -> 0 | J33: =+H33*I33 -> 0 | K33: =+E33+H33 -> 0 | L33: =IF(K33=0,,M33/K33) -> 0 | M33: =+J33+G33 -> 0 | O33: =+N33*L33 -> 0 | Q33: =+P33*L33 -> 0 | S33: =+R33*L33 -> 0 | T33: =+K33-N33-P33-R33 -> 0 | U33: =IF(T33=0,,V33/T33) -> 0 | V33: =+T33*L33 -> 0
A34: =+A33+1 -> 15 | D34: ='01'!D34 -> 0 | E34: =+'01'!T34 -> 0 | F34: =+'01'!U34 -> 0 | G34: =+'01'!V34 -> 0 | J34: =+H34*I34 -> 0 | K34: =+E34+H34 -> 0 | L34: =IF(K34=0,,M34/K34) -> 0 | M34: =+J34+G34 -> 0 | O34: =+N34*L34 -> 0 | Q34: =+P34*L34 -> 0 | S34: =+R34*L34 -> 0 | T34: =+K34-N34-P34-R34 -> 0 | U34: =IF(T34=0,,V34/T34) -> 0 | V34: =+T34*L34 -> 0
A35: =+A34+1 -> 16 | D35: ='01'!D35 -> 0 | E35: =+'01'!T35 -> 0 | F35: =+'01'!U35 -> 0 | G35: =+'01'!V35 -> 0 | J35: =+H35*I35 -> 0 | K35: =+E35+H35 -> 0 | L35: =IF(K35=0,,M35/K35) -> 0 | M35: =+J35+G35 -> 0 | O35: =+N35*L35 -> 0 | Q35: =+P35*L35 -> 0 | S35: =+R35*L35 -> 0 | T35: =+K35-N35-P35-R35 -> 0 | U35: =IF(T35=0,,V35/T35) -> 0 | V35: =+T35*L35 -> 0
A36: =+A35+1 -> 17 | D36: ='01'!D36 -> 0 | E36: =+'01'!T36 -> 0 | F36: =+'01'!U36 -> 0 | G36: =+'01'!V36 -> 0 | J36: =+H36*I36 -> 0 | K36: =+E36+H36 -> 0 | L36: =IF(K36=0,,M36/K36) -> 0 | M36: =+J36+G36 -> 0 | O36: =+N36*L36 -> 0 | Q36: =+P36*L36 -> 0 | S36: =+R36*L36 -> 0 | T36: =+K36-N36-P36-R36 -> 0 | U36: =IF(T36=0,,V36/T36) -> 0 | V36: =+T36*L36 -> 0
A37: =+A36+1 -> 18 | D37: ='01'!D37 -> 0 | E37: =+'01'!T37 -> 0 | F37: =+'01'!U37 -> 0 | G37: =+'01'!V37 -> 0 | J37: =+H37*I37 -> 0 | K37: =+E37+H37 -> 0 | L37: =IF(K37=0,,M37/K37) -> 0 | M37: =+J37+G37 -> 0 | O37: =+N37*L37 -> 0 | Q37: =+P37*L37 -> 0 | S37: =+R37*L37 -> 0 | T37: =+K37-N37-P37-R37 -> 0 | U37: =IF(T37=0,,V37/T37) -> 0 | V37: =+T37*L37 -> 0
B38: ='01'!B38 -> TOTAL BEER | C38: ='01'!C38 -> 0 | D38: ='01'!D38 -> 96 | E38: =+SUM(E20:E24) -> 61 | G38: =+SUM(G20:G37) -> 34.21 | H38: =+SUM(H20:H37) -> 0 | J38: =+SUM(J20:J37) -> 0 | K38: =+SUM(K20:K37) -> 61 | M38: =+SUM(M20:M37) -> 34.21 | N38: =+SUM(N20:N37) -> 0 | O38: =+SUM(O20:O37) -> 0 | P38: =+SUM(P20:P37) -> 0 | Q38: =+SUM(Q20:Q37) -> 0 | R38: =+SUM(R20:R37) -> 0 | S38: =+SUM(S20:S37) -> 0 | T38: =+SUM(T20:T37) -> 61 | V38: =+SUM(V20:V37) -> 34.21
B39: ='01'!B39 -> Grand TOTAL | C39: ='01'!C39 -> 0 | D39: ='01'!D39 -> 480 | E39: =+SUM(E7:E38)/2 -> 179 | G39: =+SUM(G7:G38)/2 -> 69.9175 | H39: =+SUM(H7:H38)/2 -> 0 | J39: =+SUM(J7:J38)/2 -> 0 | K39: =+SUM(K7:K38)/2 -> 179 | M39: =+SUM(M7:M38)/2 -> 69.9175 | N39: =+SUM(N7:N38)/2 -> 0 | O39: =+SUM(O7:O38)/2 -> 0 | P39: =+SUM(P7:P38)/2 -> 0 | Q39: =+SUM(Q7:Q38)/2 -> 0 | R39: =+SUM(R7:R38)/2 -> 0 | S39: =+SUM(S7:S38)/2 -> 0 | T39: =+SUM(T7:T38)/2 -> 179 | V39: =+SUM(V7:V38)/2 -> 69.9175
A41: Prepared By: | H41: Checked By | R41: Acknowledge By:
A47: …........./……....../…........... | H47: …........./……....../…........... | R47: …........./……....../…...........

Sheet 03
A2: Stock Inventory Report of JULY 2026
S4: Date | T4: =+'02'!T4+1 -> 45841 | W4: Sale Report
A5: Nº | B5: Item Name | D5: Par Stock | E5: Opening | H5: Request | K5: In Stock | N5: Lost /Spoil | O5: Transfer out | P5: Cost of FOC | Q5: Cost of Sale | R5: Consumption | S5: Cost of Sale | T5: Closing
B6: English | C6: Khmer | E6: ដើមគ្រា | H6: បើកចូល | K6: ទំនិញមានក្នុងស្តុក | N6: ខូច/បាត់ | O6: ផ្ទេរចេញ | P6: ថ្លៃដើមព្រី | Q6: ថ្លៃដើមលក់ | R6: ថ្លៃដើមលក់ | S6: ថ្លៃដើមលក់ | T6: ចុងគ្រា | X6: Daily | AB6: Monthly
B7: ='01'!B7 -> Soft Drink | C7: ភេសជ្ជៈ | E7: Qtt | F7: U.P | G7: Amount | H7: Qtt | I7: U.P | J7: Amount | K7: Qtt | L7: U.P | M7: Amount | N7: Qtt | O7: Amount | P7: Qtt | Q7: Amount | R7: Qtt | S7: Amount | T7: Qtt | U7: U.P | V7: Amount | Z7: Qty | AA7: Amount | AB7: Qty | AC7: Amount
A8: 1 | B8: ='01'!B8 -> Cocacola Classic 330ml (24cans) | C8: ='01'!C8 -> កូកា ក្លាស៊ិក (កំប៉ុង៣៣០មម) | D8: ='01'!D8 -> 48 | E8: =+'02'!T8 -> 1 | F8: =+'02'!U8 -> 0.3625 | G8: =+'02'!V8 -> 0.3625 | J8: =+H8*I8 -> 0 | K8: =+E8+H8 -> 1 | L8: =IF(K8=0,,M8/K8) -> 0.3625 | M8: =+J8+G8 -> 0.3625 | O8: =+N8*L8 -> 0 | Q8: =+P8*L8 -> 0 | S8: =+R8*L8 -> 0 | T8: =+K8-N8-P8-R8 -> 1 | U8: =IF(T8=0,,V8/T8) -> 0.3625 | V8: =+T8*L8 -> 0.3625 | X8: =+$B$8 -> Cocacola Classic 330ml (24cans) | Z8: =+$R$8 -> 0 | AA8: =+Z8*1 -> 0 | AB8: =+Z8+'02'!AA8 -> 0 | AC8: =+AA8+'02'!AB8 -> 0
A9: =+A8+1 -> 2 | B9: ='01'!B9 -> Cocacola Zero 330ml (24cans) | C9: ='01'!C9 -> កូកា សេរ៉ូ (កំប៉ុង៣៣០មម) | D9: ='01'!D9 -> 48 | E9: =+'02'!T9 -> 18 | F9: =+'02'!U9 -> 0.3625 | G9: =+'02'!V9 -> 6.525 | J9: =+H9*I9 -> 0 | K9: =+E9+H9 -> 18 | L9: =IF(K9=0,,M9/K9) -> 0.3625 | M9: =+J9+G9 -> 6.525 | O9: =+N9*L9 -> 0 | Q9: =+P9*L9 -> 0 | S9: =+R9*L9 -> 0 | T9: =+K9-N9-P9-R9 -> 18 | U9: =IF(T9=0,,V9/T9) -> 0.3625 | V9: =+T9*L9 -> 6.525 | X9: =+$B$9 -> Cocacola Zero 330ml (24cans) | Z9: =+$R$9 -> 0 | AA9: =+Z9*1 -> 0 | AB9: =+Z9+'02'!AA9 -> 0 | AC9: =+AA9+'02'!AB9 -> 0
A10: =+A9+1 -> 3 | B10: ='01'!B10 -> Cocacola Light 330ml (24cans) | C10: ='01'!C10 -> កូកា ឡៃ (កំប៉ុង៣៣០មម) | D10: ='01'!D10 -> 48 | E10: =+'02'!T10 -> 11 | F10: =+'02'!U10 -> 0.3625 | G10: =+'02'!V10 -> 3.9875 | J10: =+H10*I10 -> 0 | K10: =+E10+H10 -> 11 | L10: =IF(K10=0,,M10/K10) -> 0.3625 | M10: =+J10+G10 -> 3.9875 | O10: =+N10*L10 -> 0 | Q10: =+P10*L10 -> 0 | S10: =+R10*L10 -> 0 | T10: =+K10-N10-P10-R10 -> 11 | U10: =IF(T10=0,,V10/T10) -> 0.3625 | V10: =+T10*L10 -> 3.9875 | X10: =+$B$10 -> Cocacola Light 330ml (24cans) | Z10: =+$R$10 -> 0 | AA10: =+Z10*1 -> 0 | AB10: =+Z10+'02'!AA10 -> 0 | AC10: =+AA10+'02'!AB10 -> 0
A11: =+A10+1 -> 4 | B11: ='01'!B11 -> Sprite 330ml (24cans) | C11: ='01'!C11 -> ស្ព្រៃ (កំប៉ុង៣៣០មម) | D11: ='01'!D11 -> 48 | E11: =+'02'!T11 -> 2 | F11: =+'02'!U11 -> 0.3625 | G11: =+'02'!V11 -> 0.725 | J11: =+H11*I11 -> 0 | K11: =+E11+H11 -> 2 | L11: =IF(K11=0,,M11/K11) -> 0.3625 | M11: =+J11+G11 -> 0.725 | O11: =+N11*L11 -> 0 | Q11: =+P11*L11 -> 0 | S11: =+R11*L11 -> 0 | T11: =+K11-N11-P11-R11 -> 2 | U11: =IF(T11=0,,V11/T11) -> 0.3625 | V11: =+T11*L11 -> 0.725 | X11: =+$B$11 -> Sprite 330ml (24cans) | Z11: =+$R$11 -> 0 | AA11: =+Z11*1 -> 0 | AB11: =+Z11+'02'!AA11 -> 0 | AC11: =+AA11+'02'!AB11 -> 0
A12: =+A11+1 -> 5 | B12: ='01'!B12 -> Schweppes Soda Water 330ml (24cans) | C12: ='01'!C12 -> ទឹកសូដា (កំប៉ុង៣៣០មម) | D12: ='01'!D12 -> 48 | E12: =+'02'!T12 -> 14 | F12: =+'02'!U12 -> 0.3625 | G12: =+'02'!V12 -> 5.075 | J12: =+H12*I12 -> 0 | K12: =+E12+H12 -> 14 | L12: =IF(K12=0,,M12/K12) -> 0.3625 | M12: =+J12+G12 -> 5.075 | O12: =+N12*L12 -> 0 | Q12: =+P12*L12 -> 0 | S12: =+R12*L12 -> 0 | T12: =+K12-N12-P12-R12 -> 14 | U12: =IF(T12=0,,V12/T12) -> 0.3625 | V12: =+T12*L12 -> 5.075 | X12: =+$B$12 -> Schweppes Soda Water 330ml (24cans) | Z12: =+$R$12 -> 0 | AA12: =+Z12*1 -> 0 | AB12: =+Z12+'02'!AA12 -> 0 | AC12: =+AA12+'02'!AB12 -> 0
A13: =+A12+1 -> 6 | B13: ='01'!B13 -> Schweppes Tonic Water 330ml (24cans) | C13: ='01'!C13 -> ទឹកតូនិច (កំប៉ុង៣៣០មម) | D13: ='01'!D13 -> 48 | E13: =+'02'!T13 -> 19 | F13: =+'02'!U13 -> 0.3625 | G13: =+'02'!V13 -> 6.8875 | J13: =+H13*I13 -> 0 | K13: =+E13+H13 -> 19 | L13: =IF(K13=0,,M13/K13) -> 0.3625 | M13: =+J13+G13 -> 6.8875 | O13: =+N13*L13 -> 0 | Q13: =+P13*L13 -> 0 | S13: =+R13*L13 -> 0 | T13: =+K13-N13-P13-R13 -> 19 | U13: =IF(T13=0,,V13/T13) -> 0.3625 | V13: =+T13*L13 -> 6.8875 | X13: =+$B$13 -> Schweppes Tonic Water 330ml (24cans) | Z13: =+$R$13 -> 0 | AA13: =+Z13*1 -> 0 | AB13: =+Z13+'02'!AA13 -> 0 | AC13: =+AA13+'02'!AB13 -> 0
A14: =+A13+1 -> 7 | B14: ='01'!B14 -> Schweppes Ginger Ale 330ml (24cans) | C14: ='01'!C14 -> ទឹក Ginger ale (កំប៉ុង៣៣០មម) | D14: ='01'!D14 -> 48 | E14: =+'02'!T14 -> 20 | F14: =+'02'!U14 -> 0.3625 | G14: =+'02'!V14 -> 7.25 | J14: =+H14*I14 -> 0 | K14: =+E14+H14 -> 20 | L14: =IF(K14=0,,M14/K14) -> 0.3625 | M14: =+J14+G14 -> 7.25 | O14: =+N14*L14 -> 0 | Q14: =+P14*L14 -> 0 | S14: =+R14*L14 -> 0 | T14: =+K14-N14-P14-R14 -> 20 | U14: =IF(T14=0,,V14/T14) -> 0.3625 | V14: =+T14*L14 -> 7.25 | X14: =+$B$14 -> Schweppes Ginger Ale 330ml (24cans) | Z14: =+$R$14 -> 0 | AA14: =+Z14*1 -> 0 | AB14: =+Z14+'02'!AA14 -> 0 | AC14: =+AA14+'02'!AB14 -> 0
B15: ='01'!B15 -> TOTAL SOFT DRINK | C15: ='01'!C15 -> 0 | D15: ='01'!D15 -> 336 | E15: =+SUM(E8:E14) -> 85 | G15: =+SUM(G8:G14) -> 30.8125 | H15: =+SUM(H8:H14) -> 0 | J15: =+SUM(J8:J14) -> 0 | K15: =+SUM(K8:K14) -> 85 | M15: =+SUM(M8:M14) -> 30.8125 | N15: =+SUM(N8:N14) -> 0 | O15: =+SUM(O8:O14) -> 0 | P15: =+SUM(P8:P14) -> 0 | Q15: =+SUM(Q8:Q14) -> 0 | R15: =+SUM(R8:R14) -> 0 | S15: =+SUM(S8:S14) -> 0 | T15: =+SUM(T8:T14) -> 85 | V15: =+SUM(V8:V14) -> 30.8125 | X15: =+$B$17 -> Dasani 500ml (24 Btl) | Z15: =+$R$17 -> 4 | AA15: =+Z15*0.5 -> 2 | AB15: =+Z15+'02'!AA15 -> 5 | AC15: =+AA15+'02'!AB15 -> 2.5
B16: ='01'!B16 -> Water | C16: ='01'!C16 -> 0 | D16: ='01'!D16 -> 0 | X16: =+$B$20 -> TIGER BEER 330ml CAN | Z16: =+$R$20 -> 0 | AA16: =+Z16*1.25 -> 0 | AB16: =+Z16+'02'!AA16 -> 0 | AC16: =+AA16+'02'!AB16 -> 0
A17: =+A14+1 -> 8 | B17: ='01'!B17 -> Dasani 500ml (24 Btl) | C17: ='01'!C17 -> 0 | D17: ='01'!D17 -> 48 | E17: =+'02'!T17 -> 33 | F17: =+'02'!U17 -> 0.14833333 | G17: =+'02'!V17 -> 4.895 | J17: =+H17*I17 -> 0 | K17: =+E17+H17 -> 33 | L17: =IF(K17=0,,M17/K17) -> 0.14833333 | M17: =+J17+G17 -> 4.895 | O17: =+N17*L17 -> 0 | Q17: =+P17*L17 -> 0 | R17: 4 | S17: =+R17*L17 -> 0.59333333 | T17: =+K17-N17-P17-R17 -> 29 | U17: =IF(T17=0,,V17/T17) -> 0.14833333 | V17: =+T17*L17 -> 4.3016667 | X17: =+$B$21 -> Heineken 330ml CAN | Z17: =+$R$21 -> 0 | AA17: =+Z17*1.25 -> 0 | AB17: =+Z17+'02'!AA17 -> 0 | AC17: =+AA17+'02'!AB17 -> 0
B18: ='01'!B18 -> TOTAL Water | C18: ='01'!C18 -> 0 | D18: ='01'!D18 -> 48 | E18: =+E17 -> 33 | G18: =+G17 -> 4.895 | H18: =+H17 -> 0 | J18: =+J17 -> 0 | K18: =+K17 -> 33 | M18: =+M17 -> 4.895 | N18: =+N17 -> 0 | O18: =+O17 -> 0 | P18: =+P17 -> 0 | Q18: =+Q17 -> 0 | R18: =+R17 -> 4 | S18: =+S17 -> 0.59333333 | T18: =+T17 -> 29 | V18: =+V17 -> 4.3016667 | Z18: =+$R$22 -> 0 | AA18: =+Z18*1 -> 0 | AB18: =+Z18+'02'!AA18 -> 0 | AC18: =+AA18+'02'!AB18 -> 0
B19: ='01'!B19 -> Beer | C19: ='01'!C19 -> 0 | D19: ='01'!D19 -> 0 | Z19: =+$R$23 -> 0 | AA19: =+Z19*1 -> 0 | AB19: =+Z19+'02'!AA19 -> 0 | AC19: =+AA19+'02'!AB19 -> 0
A20: =+A19+1 -> 1 | B20: ='01'!B20 -> TIGER BEER 330ml CAN | C20: ='01'!C20 -> ស្រាបៀរថៃហ្គ័រ (កំប៉ុង ៣៣០មល) | D20: ='01'!D20 -> 48 | E20: =+'02'!T20 -> 32 | F20: =+'02'!U20 -> 0.48 | G20: =+'02'!V20 -> 15.36 | J20: =+H20*I20 -> 0 | K20: =+E20+H20 -> 32 | L20: =IF(K20=0,,M20/K20) -> 0.48 | M20: =+J20+G20 -> 15.36 | O20: =+N20*L20 -> 0 | Q20: =+P20*L20 -> 0 | S20: =+R20*L20 -> 0 | T20: =+K20-N20-P20-R20 -> 32 | U20: =IF(T20=0,,V20/T20) -> 0.48 | V20: =+T20*L20 -> 15.36 | X20: TOTAL | Z20: =+SUM(Z8:Z19) -> 4 | AA20: =+SUM(AA8:AA19) -> 2 | AB20: =+SUM(AB8:AB19) -> 5 | AC20: =+SUM(AC8:AC19) -> 2.5
A21: =+A20+1 -> 2 | B21: ='01'!B21 -> Heineken 330ml CAN | C21: ='01'!C21 -> ស្រាបៀរហេន័រឃិន (កំប៉ុង ៣៣០មល) | D21: ='01'!D21 -> 48 | E21: =+'02'!T21 -> 29 | F21: =+'02'!U21 -> 0.65 | G21: =+'02'!V21 -> 18.85 | J21: =+H21*I21 -> 0 | K21: =+E21+H21 -> 29 | L21: =IF(K21=0,,M21/K21) -> 0.65 | M21: =+J21+G21 -> 18.85 | O21: =+N21*L21 -> 0 | Q21: =+P21*L21 -> 0 | S21: =+R21*L21 -> 0 | T21: =+K21-N21-P21-R21 -> 29 | U21: =IF(T21=0,,V21/T21) -> 0.65 | V21: =+T21*L21 -> 18.85
A22: =+A21+1 -> 3 | B22: ='01'!B22 -> 0 | C22: ='01'!C22 -> 0 | D22: ='01'!D22 -> 0 | E22: =+'02'!T22 -> 0 | F22: =+'02'!U22 -> 0 | G22: =+'02'!V22 -> 0 | J22: =+H22*I22 -> 0 | K22: =+E22+H22 -> 0 | L22: =IF(K22=0,,M22/K22) -> 0 | M22: =+J22+G22 -> 0 | O22: =+N22*L22 -> 0 | Q22: =+P22*L22 -> 0 | S22: =+R22*L22 -> 0 | T22: =+K22-N22-P22-R22 -> 0 | U22: =IF(T22=0,,V22/T22) -> 0 | V22: =+T22*L22 -> 0
A23: =+A22+1 -> 4 | B23: ='01'!B23 -> 0 | C23: ='01'!C23 -> 0 | D23: ='01'!D23 -> 0 | E23: =+'02'!T23 -> 0 | F23: =+'02'!U23 -> 0 | G23: =+'02'!V23 -> 0 | J23: =+H23*I23 -> 0 | K23: =+E23+H23 -> 0 | L23: =IF(K23=0,,M23/K23) -> 0 | M23: =+J23+G23 -> 0 | O23: =+N23*L23 -> 0 | Q23: =+P23*L23 -> 0 | S23: =+R23*L23 -> 0 | T23: =+K23-N23-P23-R23 -> 0 | U23: =IF(T23=0,,V23/T23) -> 0 | V23: =+T23*L23 -> 0
A24: =+A23+1 -> 5 | B24: ='01'!B24 -> 0 | C24: ='01'!C24 -> 0 | D24: ='01'!D24 -> 0 | E24: =+'02'!T24 -> 0 | F24: =+'02'!U24 -> 0 | G24: =+'02'!V24 -> 0 | J24: =+H24*I24 -> 0 | K24: =+E24+H24 -> 0 | L24: =IF(K24=0,,M24/K24) -> 0 | M24: =+J24+G24 -> 0 | O24: =+N24*L24 -> 0 | Q24: =+P24*L24 -> 0 | S24: =+R24*L24 -> 0 | T24: =+K24-N24-P24-R24 -> 0 | U24: =IF(T24=0,,V24/T24) -> 0 | V24: =+T24*L24 -> 0
A25: =+A24+1 -> 6 | D25: ='01'!D25 -> 0 | E25: =+'02'!T25 -> 0 | F25: =+'02'!U25 -> 0 | G25: =+'02'!V25 -> 0 | J25: =+H25*I25 -> 0 | K25: =+E25+H25 -> 0 | L25: =IF(K25=0,,M25/K25) -> 0 | M25: =+J25+G25 -> 0 | O25: =+N25*L25 -> 0 | Q25: =+P25*L25 -> 0 | S25: =+R25*L25 -> 0 | T25: =+K25-N25-P25-R25 -> 0 | U25: =IF(T25=0,,V25/T25) -> 0 | V25: =+T25*L25 -> 0
A26: =+A25+1 -> 7 | D26: ='01'!D26 -> 0 | E26: =+'02'!T26 -> 0 | F26: =+'02'!U26 -> 0 | G26: =+'02'!V26 -> 0 | J26: =+H26*I26 -> 0 | K26: =+E26+H26 -> 0 | L26: =IF(K26=0,,M26/K26) -> 0 | M26: =+J26+G26 -> 0 | O26: =+N26*L26 -> 0 | Q26: =+P26*L26 -> 0 | S26: =+R26*L26 -> 0 | T26: =+K26-N26-P26-R26 -> 0 | U26: =IF(T26=0,,V26/T26) -> 0 | V26: =+T26*L26 -> 0
A27: =+A26+1 -> 8 | D27: ='01'!D27 -> 0 | E27: =+'02'!T27 -> 0 | F27: =+'02'!U27 -> 0 | G27: =+'02'!V27 -> 0 | J27: =+H27*I27 -> 0 | K27: =+E27+H27 -> 0 | L27: =IF(K27=0,,M27/K27) -> 0 | M27: =+J27+G27 -> 0 | O27: =+N27*L27 -> 0 | Q27: =+P27*L27 -> 0 | S27: =+R27*L27 -> 0 | T27: =+K27-N27-P27-R27 -> 0 | U27: =IF(T27=0,,V27/T27) -> 0 | V27: =+T27*L27 -> 0
A28: =+A27+1 -> 9 | D28: ='01'!D28 -> 0 | E28: =+'02'!T28 -> 0 | F28: =+'02'!U28 -> 0 | G28: =+'02'!V28 -> 0 | J28: =+H28*I28 -> 0 | K28: =+E28+H28 -> 0 | L28: =IF(K28=0,,M28/K28) -> 0 | M28: =+J28+G28 -> 0 | O28: =+N28*L28 -> 0 | Q28: =+P28*L28 -> 0 | S28: =+R28*L28 -> 0 | T28: =+K28-N28-P28-R28 -> 0 | U28: =IF(T28=0,,V28/T28) -> 0 | V28: =+T28*L28 -> 0
A29: =+A28+1 -> 10 | D29: ='01'!D29 -> 0 | E29: =+'02'!T29 -> 0 | F29: =+'02'!U29 -> 0 | G29: =+'02'!V29 -> 0 | J29: =+H29*I29 -> 0 | K29: =+E29+H29 -> 0 | L29: =IF(K29=0,,M29/K29) -> 0 | M29: =+J29+G29 -> 0 | O29: =+N29*L29 -> 0 | Q29: =+P29*L29 -> 0 | S29: =+R29*L29 -> 0 | T29: =+K29-N29-P29-R29 -> 0 | U29: =IF(T29=0,,V29/T29) -> 0 | V29: =+T29*L29 -> 0
A30: =+A29+1 -> 11 | D30: ='01'!D30 -> 0 | E30: =+'02'!T30 -> 0 | F30: =+'02'!U30 -> 0 | G30: =+'02'!V30 -> 0 | J30: =+H30*I30 -> 0 | K30: =+E30+H30 -> 0 | L30: =IF(K30=0,,M30/K30) -> 0 | M30: =+J30+G30 -> 0 | O30: =+N30*L30 -> 0 | Q30: =+P30*L30 -> 0 | S30: =+R30*L30 -> 0 | T30: =+K30-N30-P30-R30 -> 0 | U30: =IF(T30=0,,V30/T30) -> 0 | V30: =+T30*L30 -> 0
A31: =+A30+1 -> 12 | D31: ='01'!D31 -> 0 | E31: =+'02'!T31 -> 0 | F31: =+'02'!U31 -> 0 | G31: =+'02'!V31 -> 0 | J31: =+H31*I31 -> 0 | K31: =+E31+H31 -> 0 | L31: =IF(K31=0,,M31/K31) -> 0 | M31: =+J31+G31 -> 0 | O31: =+N31*L31 -> 0 | Q31: =+P31*L31 -> 0 | S31: =+R31*L31 -> 0 | T31: =+K31-N31-P31-R31 -> 0 | U31: =IF(T31=0,,V31/T31) -> 0 | V31: =+T31*L31 -> 0
A32: =+A31+1 -> 13 | D32: ='01'!D32 -> 0 | E32: =+'02'!T32 -> 0 | F32: =+'02'!U32 -> 0 | G32: =+'02'!V32 -> 0 | J32: =+H32*I32 -> 0 | K32: =+E32+H32 -> 0 | L32: =IF(K32=0,,M32/K32) -> 0 | M32: =+J32+G32 -> 0 | O32: =+N32*L32 -> 0 | Q32: =+P32*L32 -> 0 | S32: =+R32*L32 -> 0 | T32: =+K32-N32-P32-R32 -> 0 | U32: =IF(T32=0,,V32/T32) -> 0 | V32: =+T32*L32 -> 0
A33: =+A32+1 -> 14 | D33: ='01'!D33 -> 0 | E33: =+'02'!T33 -> 0 | F33: =+'02'!U33 -> 0 | G33: =+'02'!V33 -> 0 | J33: =+H33*I33 -> 0 | K33: =+E33+H33 -> 0 | L33: =IF(K33=0,,M33/K33) -> 0 | M33: =+J33+G33 -> 0 | O33: =+N33*L33 -> 0 | Q33: =+P33*L33 -> 0 | S33: =+R33*L33 -> 0 | T33: =+K33-N33-P33-R33 -> 0 | U33: =IF(T33=0,,V33/T33) -> 0 | V33: =+T33*L33 -> 0
A34: =+A33+1 -> 15 | D34: ='01'!D34 -> 0 | E34: =+'02'!T34 -> 0 | F34: =+'02'!U34 -> 0 | G34: =+'02'!V34 -> 0 | J34: =+H34*I34 -> 0 | K34: =+E34+H34 -> 0 | L34: =IF(K34=0,,M34/K34) -> 0 | M34: =+J34+G34 -> 0 | O34: =+N34*L34 -> 0 | Q34: =+P34*L34 -> 0 | S34: =+R34*L34 -> 0 | T34: =+K34-N34-P34-R34 -> 0 | U34: =IF(T34=0,,V34/T34) -> 0 | V34: =+T34*L34 -> 0
A35: =+A34+1 -> 16 | D35: ='01'!D35 -> 0 | E35: =+'02'!T35 -> 0 | F35: =+'02'!U35 -> 0 | G35: =+'02'!V35 -> 0 | J35: =+H35*I35 -> 0 | K35: =+E35+H35 -> 0 | L35: =IF(K35=0,,M35/K35) -> 0 | M35: =+J35+G35 -> 0 | O35: =+N35*L35 -> 0 | Q35: =+P35*L35 -> 0 | S35: =+R35*L35 -> 0 | T35: =+K35-N35-P35-R35 -> 0 | U35: =IF(T35=0,,V35/T35) -> 0 | V35: =+T35*L35 -> 0
A36: =+A35+1 -> 17 | D36: ='01'!D36 -> 0 | E36: =+'02'!T36 -> 0 | F36: =+'02'!U36 -> 0 | G36: =+'02'!V36 -> 0 | J36: =+H36*I36 -> 0 | K36: =+E36+H36 -> 0 | L36: =IF(K36=0,,M36/K36) -> 0 | M36: =+J36+G36 -> 0 | O36: =+N36*L36 -> 0 | Q36: =+P36*L36 -> 0 | S36: =+R36*L36 -> 0 | T36: =+K36-N36-P36-R36 -> 0 | U36: =IF(T36=0,,V36/T36) -> 0 | V36: =+T36*L36 -> 0
A37: =+A36+1 -> 18 | D37: ='01'!D37 -> 0 | E37: =+'02'!T37 -> 0 | F37: =+'02'!U37 -> 0 | G37: =+'02'!V37 -> 0 | J37: =+H37*I37 -> 0 | K37: =+E37+H37 -> 0 | L37: =IF(K37=0,,M37/K37) -> 0 | M37: =+J37+G37 -> 0 | O37: =+N37*L37 -> 0 | Q37: =+P37*L37 -> 0 | S37: =+R37*L37 -> 0 | T37: =+K37-N37-P37-R37 -> 0 | U37: =IF(T37=0,,V37/T37) -> 0 | V37: =+T37*L37 -> 0
B38: ='01'!B38 -> TOTAL BEER | C38: ='01'!C38 -> 0 | D38: ='01'!D38 -> 96 | E38: =+SUM(E20:E24) -> 61 | G38: =+SUM(G20:G37) -> 34.21 | H38: =+SUM(H20:H37) -> 0 | J38: =+SUM(J20:J37) -> 0 | K38: =+SUM(K20:K37) -> 61 | M38: =+SUM(M20:M37) -> 34.21 | N38: =+SUM(N20:N37) -> 0 | O38: =+SUM(O20:O37) -> 0 | P38: =+SUM(P20:P37) -> 0 | Q38: =+SUM(Q20:Q37) -> 0 | R38: =+SUM(R20:R37) -> 0 | S38: =+SUM(S20:S37) -> 0 | T38: =+SUM(T20:T37) -> 61 | V38: =+SUM(V20:V37) -> 34.21
B39: ='01'!B39 -> Grand TOTAL | C39: ='01'!C39 -> 0 | D39: ='01'!D39 -> 480 | E39: =+SUM(E7:E38)/2 -> 179 | G39: =+SUM(G7:G38)/2 -> 69.9175 | H39: =+SUM(H7:H38)/2 -> 0 | J39: =+SUM(J7:J38)/2 -> 0 | K39: =+SUM(K7:K38)/2 -> 179 | M39: =+SUM(M7:M38)/2 -> 69.9175 | N39: =+SUM(N7:N38)/2 -> 0 | O39: =+SUM(O7:O38)/2 -> 0 | P39: =+SUM(P7:P38)/2 -> 0 | Q39: =+SUM(Q7:Q38)/2 -> 0 | R39: =+SUM(R7:R38)/2 -> 4 | S39: =+SUM(S7:S38)/2 -> 0.59333333 | T39: =+SUM(T7:T38)/2 -> 175 | V39: =+SUM(V7:V38)/2 -> 69.324167
A41: Prepared By: | H41: Checked By | R41: Acknowledge By:
A47: …........./……....../…........... | H47: …........./……....../…........... | R47: …........./……....../…...........

Sheet 04
A2: Stock Inventory Report of JULY 2026
S4: Date | T4: =+'03'!T4+1 -> 45842 | W4: Sale Report
A5: Nº | B5: Item Name | D5: Par Stock | E5: Opening | H5: Request | K5: In Stock | N5: Lost /Spoil | O5: Transfer out | P5: Cost of FOC | Q5: Cost of Sale | R5: Consumption | S5: Cost of Sale | T5: Closing
B6: English | C6: Khmer | E6: ដើមគ្រា | H6: បើកចូល | K6: ទំនិញមានក្នុងស្តុក | N6: ខូច/បាត់ | O6: ផ្ទេរចេញ | P6: ថ្លៃដើមព្រី | Q6: ថ្លៃដើមលក់ | R6: ថ្លៃដើមលក់ | S6: ថ្លៃដើមលក់ | T6: ចុងគ្រា | W6: Daily | AA6: Monthly
B7: ='01'!B7 -> Soft Drink | C7: ភេសជ្ជៈ | E7: Qtt | F7: U.P | G7: Amount | H7: Qtt | I7: U.P | J7: Amount | K7: Qtt | L7: U.P | M7: Amount | N7: Qtt | O7: Amount | P7: Qtt | Q7: Amount | R7: Qtt | S7: Amount | T7: Qtt | U7: U.P | V7: Amount | Y7: Qty | Z7: Amount | AA7: Qty | AB7: Amount
A8: 1 | B8: ='01'!B8 -> Cocacola Classic 330ml (24cans) | C8: ='01'!C8 -> កូកា ក្លាស៊ិក (កំប៉ុង៣៣០មម) | D8: ='01'!D8 -> 48 | E8: =+'03'!T8 -> 1 | F8: =+'03'!U8 -> 0.3625 | G8: =+'03'!V8 -> 0.3625 | J8: =+H8*I8 -> 0 | K8: =+E8+H8 -> 1 | L8: =IF(K8=0,,M8/K8) -> 0.3625 | M8: =+J8+G8 -> 0.3625 | O8: =+N8*L8 -> 0 | Q8: =+P8*L8 -> 0 | R8: 3 | S8: =+R8*L8 -> 1.0875 | T8: =+K8-N8-P8-R8 -> -2 | U8: =IF(T8=0,,V8/T8) -> 0.3625 | V8: =+T8*L8 -> -0.725 | W8: =+$B$8 -> Cocacola Classic 330ml (24cans) | Y8: =+$R$8 -> 3 | Z8: =+Y8*1 -> 3 | AA8: =+Y8+'03'!AB8 -> 3 | AB8: =+Z8+'03'!AB8 -> 3
A9: =+A8+1 -> 2 | B9: ='01'!B9 -> Cocacola Zero 330ml (24cans) | C9: ='01'!C9 -> កូកា សេរ៉ូ (កំប៉ុង៣៣០មម) | D9: ='01'!D9 -> 48 | E9: =+'03'!T9 -> 18 | F9: =+'03'!U9 -> 0.3625 | G9: =+'03'!V9 -> 6.525 | J9: =+H9*I9 -> 0 | K9: =+E9+H9 -> 18 | L9: =IF(K9=0,,M9/K9) -> 0.3625 | M9: =+J9+G9 -> 6.525 | O9: =+N9*L9 -> 0 | Q9: =+P9*L9 -> 0 | S9: =+R9*L9 -> 0 | T9: =+K9-N9-P9-R9 -> 18 | U9: =IF(T9=0,,V9/T9) -> 0.3625 | V9: =+T9*L9 -> 6.525 | W9: =+$B$9 -> Cocacola Zero 330ml (24cans) | Y9: =+$R$9 -> 0 | Z9: =+Y9*1 -> 0 | AA9: =+Y9+'03'!AB9 -> 0 | AB9: =+Z9+'03'!AC9 -> 0
A10: =+A9+1 -> 3 | B10: ='01'!B10 -> Cocacola Light 330ml (24cans) | C10: ='01'!C10 -> កូកា ឡៃ (កំប៉ុង៣៣០មម) | D10: ='01'!D10 -> 48 | E10: =+'03'!T10 -> 11 | F10: =+'03'!U10 -> 0.3625 | G10: =+'03'!V10 -> 3.9875 | J10: =+H10*I10 -> 0 | K10: =+E10+H10 -> 11 | L10: =IF(K10=0,,M10/K10) -> 0.3625 | M10: =+J10+G10 -> 3.9875 | O10: =+N10*L10 -> 0 | Q10: =+P10*L10 -> 0 | R10: 1 | S10: =+R10*L10 -> 0.3625 | T10: =+K10-N10-P10-R10 -> 10 | U10: =IF(T10=0,,V10/T10) -> 0.3625 | V10: =+T10*L10 -> 3.625 | W10: =+$B$10 -> Cocacola Light 330ml (24cans) | Y10: =+$R$10 -> 1 | Z10: =+Y10*1 -> 1 | AA10: =+Y10+'03'!AB10 -> 1 | AB10: =+Z10+'03'!AC10 -> 1
A11: =+A10+1 -> 4 | B11: ='01'!B11 -> Sprite 330ml (24cans) | C11: ='01'!C11 -> ស្ព្រៃ (កំប៉ុង៣៣០មម) | D11: ='01'!D11 -> 48 | E11: =+'03'!T11 -> 2 | F11: =+'03'!U11 -> 0.3625 | G11: =+'03'!V11 -> 0.725 | J11: =+H11*I11 -> 0 | K11: =+E11+H11 -> 2 | L11: =IF(K11=0,,M11/K11) -> 0.3625 | M11: =+J11+G11 -> 0.725 | O11: =+N11*L11 -> 0 | Q11: =+P11*L11 -> 0 | S11: =+R11*L11 -> 0 | T11: =+K11-N11-P11-R11 -> 2 | U11: =IF(T11=0,,V11/T11) -> 0.3625 | V11: =+T11*L11 -> 0.725 | W11: =+$B$11 -> Sprite 330ml (24cans) | Y11: =+$R$11 -> 0 | Z11: =+Y11*1 -> 0 | AA11: =+Y11+'03'!AB11 -> 0 | AB11: =+Z11+'03'!AC11 -> 0
A12: =+A11+1 -> 5 | B12: ='01'!B12 -> Schweppes Soda Water 330ml (24cans) | C12: ='01'!C12 -> ទឹកសូដា (កំប៉ុង៣៣០មម) | D12: ='01'!D12 -> 48 | E12: =+'03'!T12 -> 14 | F12: =+'03'!U12 -> 0.3625 | G12: =+'03'!V12 -> 5.075 | J12: =+H12*I12 -> 0 | K12: =+E12+H12 -> 14 | L12: =IF(K12=0,,M12/K12) -> 0.3625 | M12: =+J12+G12 -> 5.075 | O12: =+N12*L12 -> 0 | Q12: =+P12*L12 -> 0 | R12: 1 | S12: =+R12*L12 -> 0.3625 | T12: =+K12-N12-P12-R12 -> 13 | U12: =IF(T12=0,,V12/T12) -> 0.3625 | V12: =+T12*L12 -> 4.7125 | W12: =+$B$12 -> Schweppes Soda Water 330ml (24cans) | Y12: =+$R$12 -> 1 | Z12: =+Y12*1 -> 1 | AA12: =+Y12+'03'!AB12 -> 1 | AB12: =+Z12+'03'!AC12 -> 1
A13: =+A12+1 -> 6 | B13: ='01'!B13 -> Schweppes Tonic Water 330ml (24cans) | C13: ='01'!C13 -> ទឹកតូនិច (កំប៉ុង៣៣០មម) | D13: ='01'!D13 -> 48 | E13: =+'03'!T13 -> 19 | F13: =+'03'!U13 -> 0.3625 | G13: =+'03'!V13 -> 6.8875 | J13: =+H13*I13 -> 0 | K13: =+E13+H13 -> 19 | L13: =IF(K13=0,,M13/K13) -> 0.3625 | M13: =+J13+G13 -> 6.8875 | O13: =+N13*L13 -> 0 | Q13: =+P13*L13 -> 0 | S13: =+R13*L13 -> 0 | T13: =+K13-N13-P13-R13 -> 19 | U13: =IF(T13=0,,V13/T13) -> 0.3625 | V13: =+T13*L13 -> 6.8875 | W13: =+$B$13 -> Schweppes Tonic Water 330ml (24cans) | Y13: =+$R$13 -> 0 | Z13: =+Y13*1 -> 0 | AA13: =+Y13+'03'!AB13 -> 0 | AB13: =+Z13+'03'!AC13 -> 0
A14: =+A13+1 -> 7 | B14: ='01'!B14 -> Schweppes Ginger Ale 330ml (24cans) | C14: ='01'!C14 -> ទឹក Ginger ale (កំប៉ុង៣៣០មម) | D14: ='01'!D14 -> 48 | E14: =+'03'!T14 -> 20 | F14: =+'03'!U14 -> 0.3625 | G14: =+'03'!V14 -> 7.25 | J14: =+H14*I14 -> 0 | K14: =+E14+H14 -> 20 | L14: =IF(K14=0,,M14/K14) -> 0.3625 | M14: =+J14+G14 -> 7.25 | O14: =+N14*L14 -> 0 | Q14: =+P14*L14 -> 0 | R14: 2 | S14: =+R14*L14 -> 0.725 | T14: =+K14-N14-P14-R14 -> 18 | U14: =IF(T14=0,,V14/T14) -> 0.3625 | V14: =+T14*L14 -> 6.525 | W14: =+$B$14 -> Schweppes Ginger Ale 330ml (24cans) | Y14: =+$R$14 -> 2 | Z14: =+Y14*1 -> 2 | AA14: =+Y14+'03'!AB14 -> 2 | AB14: =+Z14+'03'!AC14 -> 2
B15: ='01'!B15 -> TOTAL SOFT DRINK | C15: ='01'!C15 -> 0 | D15: ='01'!D15 -> 336 | E15: =+SUM(E8:E14) -> 85 | G15: =+SUM(G8:G14) -> 30.8125 | H15: =+SUM(H8:H14) -> 0 | J15: =+SUM(J8:J14) -> 0 | K15: =+SUM(K8:K14) -> 85 | M15: =+SUM(M8:M14) -> 30.8125 | N15: =+SUM(N8:N14) -> 0 | O15: =+SUM(O8:O14) -> 0 | P15: =+SUM(P8:P14) -> 0 | Q15: =+SUM(Q8:Q14) -> 0 | R15: =+SUM(R8:R14) -> 7 | S15: =+SUM(S8:S14) -> 2.5375 | T15: =+SUM(T8:T14) -> 78 | V15: =+SUM(V8:V14) -> 28.275 | W15: =+$B$17 -> Dasani 500ml (24 Btl) | Y15: =+$R$17 -> 3 | Z15: =+Y15*0.5 -> 1.5 | AA15: =+Y15+'03'!AB15 -> 8 | AB15: =+Z15+'03'!AC15 -> 4
B16: ='01'!B16 -> Water | C16: ='01'!C16 -> 0 | D16: ='01'!D16 -> 0 | W16: =+$B$20 -> TIGER BEER 330ml CAN | Y16: =+$R$20 -> 0 | Z16: =+Y16*1.25 -> 0 | AA16: =+Y16+'03'!AB16 -> 0 | AB16: =+Z16+'03'!AC16 -> 0
A17: =+A14+1 -> 8 | B17: ='01'!B17 -> Dasani 500ml (24 Btl) | C17: ='01'!C17 -> 0 | D17: ='01'!D17 -> 48 | E17: =+'03'!T17 -> 29 | F17: =+'03'!U17 -> 0.14833333 | G17: =+'03'!V17 -> 4.3016667 | J17: =+H17*I17 -> 0 | K17: =+E17+H17 -> 29 | L17: =IF(K17=0,,M17/K17) -> 0.14833333 | M17: =+J17+G17 -> 4.3016667 | O17: =+N17*L17 -> 0 | Q17: =+P17*L17 -> 0 | R17: 3 | S17: =+R17*L17 -> 0.445 | T17: =+K17-N17-P17-R17 -> 26 | U17: =IF(T17=0,,V17/T17) -> 0.14833333 | V17: =+T17*L17 -> 3.8566667 | W17: =+$B$21 -> Heineken 330ml CAN | Y17: =+$R$21 -> 0 | Z17: =+Y17*1.25 -> 0 | AA17: =+Y17+'03'!AB17 -> 0 | AB17: =+Z17+'03'!AC17 -> 0
B18: ='01'!B18 -> TOTAL Water | C18: ='01'!C18 -> 0 | D18: ='01'!D18 -> 48 | E18: =+E17 -> 29 | G18: =+G17 -> 4.3016667 | H18: =+H17 -> 0 | J18: =+J17 -> 0 | K18: =+K17 -> 29 | M18: =+M17 -> 4.3016667 | N18: =+N17 -> 0 | O18: =+O17 -> 0 | P18: =+P17 -> 0 | Q18: =+Q17 -> 0 | R18: =+R17 -> 3 | S18: =+S17 -> 0.445 | T18: =+T17 -> 26 | V18: =+V17 -> 3.8566667 | Y18: =+$R$22 -> 0 | Z18: =+Y18*1 -> 0 | AA18: =+Y18+'03'!AB18 -> 0 | AB18: =+Z18+'03'!AB18 -> 0
B19: ='01'!B19 -> Beer | C19: ='01'!C19 -> 0 | D19: ='01'!D19 -> 0 | Y19: =+$R$23 -> 0 | Z19: =+Y19*1 -> 0 | AA19: =+Y19+'03'!AB19 -> 0 | AB19: =+Z19+'03'!AB19 -> 0
A20: =+A19+1 -> 1 | B20: ='01'!B20 -> TIGER BEER 330ml CAN | C20: ='01'!C20 -> ស្រាបៀរថៃហ្គ័រ (កំប៉ុង ៣៣០មល) | D20: ='01'!D20 -> 48 | E20: =+'03'!T20 -> 32 | F20: =+'03'!U20 -> 0.48 | G20: =+'03'!V20 -> 15.36 | J20: =+H20*I20 -> 0 | K20: =+E20+H20 -> 32 | L20: =IF(K20=0,,M20/K20) -> 0.48 | M20: =+J20+G20 -> 15.36 | O20: =+N20*L20 -> 0 | Q20: =+P20*L20 -> 0 | S20: =+R20*L20 -> 0 | T20: =+K20-N20-P20-R20 -> 32 | U20: =IF(T20=0,,V20/T20) -> 0.48 | V20: =+T20*L20 -> 15.36 | W20: TOTAL | Y20: =+SUM(Y8:Y19) -> 10 | Z20: =+SUM(Z8:Z19) -> 8.5 | AA20: =+SUM(AA8:AA19) -> 15 | AB20: =+SUM(AB8:AB19) -> 11
A21: =+A20+1 -> 2 | B21: ='01'!B21 -> Heineken 330ml CAN | C21: ='01'!C21 -> ស្រាបៀរហេន័រឃិន (កំប៉ុង ៣៣០មល) | D21: ='01'!D21 -> 48 | E21: =+'03'!T21 -> 29 | F21: =+'03'!U21 -> 0.65 | G21: =+'03'!V21 -> 18.85 | J21: =+H21*I21 -> 0 | K21: =+E21+H21 -> 29 | L21: =IF(K21=0,,M21/K21) -> 0.65 | M21: =+J21+G21 -> 18.85 | O21: =+N21*L21 -> 0 | Q21: =+P21*L21 -> 0 | S21: =+R21*L21 -> 0 | T21: =+K21-N21-P21-R21 -> 29 | U21: =IF(T21=0,,V21/T21) -> 0.65 | V21: =+T21*L21 -> 18.85
A22: =+A21+1 -> 3 | B22: ='01'!B22 -> 0 | C22: ='01'!C22 -> 0 | D22: ='01'!D22 -> 0 | E22: =+'03'!T22 -> 0 | F22: =+'03'!U22 -> 0 | G22: =+'03'!V22 -> 0 | J22: =+H22*I22 -> 0 | K22: =+E22+H22 -> 0 | L22: =IF(K22=0,,M22/K22) -> 0 | M22: =+J22+G22 -> 0 | O22: =+N22*L22 -> 0 | Q22: =+P22*L22 -> 0 | S22: =+R22*L22 -> 0 | T22: =+K22-N22-P22-R22 -> 0 | U22: =IF(T22=0,,V22/T22) -> 0 | V22: =+T22*L22 -> 0
A23: =+A22+1 -> 4 | B23: ='01'!B23 -> 0 | C23: ='01'!C23 -> 0 | D23: ='01'!D23 -> 0 | E23: =+'03'!T23 -> 0 | F23: =+'03'!U23 -> 0 | G23: =+'03'!V23 -> 0 | J23: =+H23*I23 -> 0 | K23: =+E23+H23 -> 0 | L23: =IF(K23=0,,M23/K23) -> 0 | M23: =+J23+G23 -> 0 | O23: =+N23*L23 -> 0 | Q23: =+P23*L23 -> 0 | S23: =+R23*L23 -> 0 | T23: =+K23-N23-P23-R23 -> 0 | U23: =IF(T23=0,,V23/T23) -> 0 | V23: =+T23*L23 -> 0
A24: =+A23+1 -> 5 | B24: ='01'!B24 -> 0 | C24: ='01'!C24 -> 0 | D24: ='01'!D24 -> 0 | E24: =+'03'!T24 -> 0 | F24: =+'03'!U24 -> 0 | G24: =+'03'!V24 -> 0 | J24: =+H24*I24 -> 0 | K24: =+E24+H24 -> 0 | L24: =IF(K24=0,,M24/K24) -> 0 | M24: =+J24+G24 -> 0 | O24: =+N24*L24 -> 0 | Q24: =+P24*L24 -> 0 | S24: =+R24*L24 -> 0 | T24: =+K24-N24-P24-R24 -> 0 | U24: =IF(T24=0,,V24/T24) -> 0 | V24: =+T24*L24 -> 0
A25: =+A24+1 -> 6 | D25: ='01'!D25 -> 0 | E25: =+'03'!T25 -> 0 | F25: =+'03'!U25 -> 0 | G25: =+'03'!V25 -> 0 | J25: =+H25*I25 -> 0 | K25: =+E25+H25 -> 0 | L25: =IF(K25=0,,M25/K25) -> 0 | M25: =+J25+G25 -> 0 | O25: =+N25*L25 -> 0 | Q25: =+P25*L25 -> 0 | S25: =+R25*L25 -> 0 | T25: =+K25-N25-P25-R25 -> 0 | U25: =IF(T25=0,,V25/T25) -> 0 | V25: =+T25*L25 -> 0
A26: =+A25+1 -> 7 | D26: ='01'!D26 -> 0 | E26: =+'03'!T26 -> 0 | F26: =+'03'!U26 -> 0 | G26: =+'03'!V26 -> 0 | J26: =+H26*I26 -> 0 | K26: =+E26+H26 -> 0 | L26: =IF(K26=0,,M26/K26) -> 0 | M26: =+J26+G26 -> 0 | O26: =+N26*L26 -> 0 | Q26: =+P26*L26 -> 0 | S26: =+R26*L26 -> 0 | T26: =+K26-N26-P26-R26 -> 0 | U26: =IF(T26=0,,V26/T26) -> 0 | V26: =+T26*L26 -> 0
A27: =+A26+1 -> 8 | D27: ='01'!D27 -> 0 | E27: =+'03'!T27 -> 0 | F27: =+'03'!U27 -> 0 | G27: =+'03'!V27 -> 0 | J27: =+H27*I27 -> 0 | K27: =+E27+H27 -> 0 | L27: =IF(K27=0,,M27/K27) -> 0 | M27: =+J27+G27 -> 0 | O27: =+N27*L27 -> 0 | Q27: =+P27*L27 -> 0 | S27: =+R27*L27 -> 0 | T27: =+K27-N27-P27-R27 -> 0 | U27: =IF(T27=0,,V27/T27) -> 0 | V27: =+T27*L27 -> 0
A28: =+A27+1 -> 9 | D28: ='01'!D28 -> 0 | E28: =+'03'!T28 -> 0 | F28: =+'03'!U28 -> 0 | G28: =+'03'!V28 -> 0 | J28: =+H28*I28 -> 0 | K28: =+E28+H28 -> 0 | L28: =IF(K28=0,,M28/K28) -> 0 | M28: =+J28+G28 -> 0 | O28: =+N28*L28 -> 0 | Q28: =+P28*L28 -> 0 | S28: =+R28*L28 -> 0 | T28: =+K28-N28-P28-R28 -> 0 | U28: =IF(T28=0,,V28/T28) -> 0 | V28: =+T28*L28 -> 0
A29: =+A28+1 -> 10 | D29: ='01'!D29 -> 0 | E29: =+'03'!T29 -> 0 | F29: =+'03'!U29 -> 0 | G29: =+'03'!V29 -> 0 | J29: =+H29*I29 -> 0 | K29: =+E29+H29 -> 0 | L29: =IF(K29=0,,M29/K29) -> 0 | M29: =+J29+G29 -> 0 | O29: =+N29*L29 -> 0 | Q29: =+P29*L29 -> 0 | S29: =+R29*L29 -> 0 | T29: =+K29-N29-P29-R29 -> 0 | U29: =IF(T29=0,,V29/T29) -> 0 | V29: =+T29*L29 -> 0
A30: =+A29+1 -> 11 | D30: ='01'!D30 -> 0 | E30: =+'03'!T30 -> 0 | F30: =+'03'!U30 -> 0 | G30: =+'03'!V30 -> 0 | J30: =+H30*I30 -> 0 | K30: =+E30+H30 -> 0 | L30: =IF(K30=0,,M30/K30) -> 0 | M30: =+J30+G30 -> 0 | O30: =+N30*L30 -> 0 | Q30: =+P30*L30 -> 0 | S30: =+R30*L30 -> 0 | T30: =+K30-N30-P30-R30 -> 0 | U30: =IF(T30=0,,V30/T30) -> 0 | V30: =+T30*L30 -> 0
A31: =+A30+1 -> 12 | D31: ='01'!D31 -> 0 | E31: =+'03'!T31 -> 0 | F31: =+'03'!U31 -> 0 | G31: =+'03'!V31 -> 0 | J31: =+H31*I31 -> 0 | K31: =+E31+H31 -> 0 | L31: =IF(K31=0,,M31/K31) -> 0 | M31: =+J31+G31 -> 0 | O31: =+N31*L31 -> 0 | Q31: =+P31*L31 -> 0 | S31: =+R31*L31 -> 0 | T31: =+K31-N31-P31-R31 -> 0 | U31: =IF(T31=0,,V31/T31) -> 0 | V31: =+T31*L31 -> 0
A32: =+A31+1 -> 13 | D32: ='01'!D32 -> 0 | E32: =+'03'!T32 -> 0 | F32: =+'03'!U32 -> 0 | G32: =+'03'!V32 -> 0 | J32: =+H32*I32 -> 0 | K32: =+E32+H32 -> 0 | L32: =IF(K32=0,,M32/K32) -> 0 | M32: =+J32+G32 -> 0 | O32: =+N32*L32 -> 0 | Q32: =+P32*L32 -> 0 | S32: =+R32*L32 -> 0 | T32: =+K32-N32-P32-R32 -> 0 | U32: =IF(T32=0,,V32/T32) -> 0 | V32: =+T32*L32 -> 0
A33: =+A32+1 -> 14 | D33: ='01'!D33 -> 0 | E33: =+'03'!T33 -> 0 | F33: =+'03'!U33 -> 0 | G33: =+'03'!V33 -> 0 | J33: =+H33*I33 -> 0 | K33: =+E33+H33 -> 0 | L33: =IF(K33=0,,M33/K33) -> 0 | M33: =+J33+G33 -> 0 | O33: =+N33*L33 -> 0 | Q33: =+P33*L33 -> 0 | S33: =+R33*L33 -> 0 | T33: =+K33-N33-P33-R33 -> 0 | U33: =IF(T33=0,,V33/T33) -> 0 | V33: =+T33*L33 -> 0
A34: =+A33+1 -> 15 | D34: ='01'!D34 -> 0 | E34: =+'03'!T34 -> 0 | F34: =+'03'!U34 -> 0 | G34: =+'03'!V34 -> 0 | J34: =+H34*I34 -> 0 | K34: =+E34+H34 -> 0 | L34: =IF(K34=0,,M34/K34) -> 0 | M34: =+J34+G34 -> 0 | O34: =+N34*L34 -> 0 | Q34: =+P34*L34 -> 0 | S34: =+R34*L34 -> 0 | T34: =+K34-N34-P34-R34 -> 0 | U34: =IF(T34=0,,V34/T34) -> 0 | V34: =+T34*L34 -> 0
A35: =+A34+1 -> 16 | D35: ='01'!D35 -> 0 | E35: =+'03'!T35 -> 0 | F35: =+'03'!U35 -> 0 | G35: =+'03'!V35 -> 0 | J35: =+H35*I35 -> 0 | K35: =+E35+H35 -> 0 | L35: =IF(K35=0,,M35/K35) -> 0 | M35: =+J35+G35 -> 0 | O35: =+N35*L35 -> 0 | Q35: =+P35*L35 -> 0 | S35: =+R35*L35 -> 0 | T35: =+K35-N35-P35-R35 -> 0 | U35: =IF(T35=0,,V35/T35) -> 0 | V35: =+T35*L35 -> 0
A36: =+A35+1 -> 17 | D36: ='01'!D36 -> 0 | E36: =+'03'!T36 -> 0 | F36: =+'03'!U36 -> 0 | G36: =+'03'!V36 -> 0 | J36: =+H36*I36 -> 0 | K36: =+E36+H36 -> 0 | L36: =IF(K36=0,,M36/K36) -> 0 | M36: =+J36+G36 -> 0 | O36: =+N36*L36 -> 0 | Q36: =+P36*L36 -> 0 | S36: =+R36*L36 -> 0 | T36: =+K36-N36-P36-R36 -> 0 | U36: =IF(T36=0,,V36/T36) -> 0 | V36: =+T36*L36 -> 0
A37: =+A36+1 -> 18 | D37: ='01'!D37 -> 0 | E37: =+'03'!T37 -> 0 | F37: =+'03'!U37 -> 0 | G37: =+'03'!V37 -> 0 | J37: =+H37*I37 -> 0 | K37: =+E37+H37 -> 0 | L37: =IF(K37=0,,M37/K37) -> 0 | M37: =+J37+G37 -> 0 | O37: =+N37*L37 -> 0 | Q37: =+P37*L37 -> 0 | S37: =+R37*L37 -> 0 | T37: =+K37-N37-P37-R37 -> 0 | U37: =IF(T37=0,,V37/T37) -> 0 | V37: =+T37*L37 -> 0
B38: ='01'!B38 -> TOTAL BEER | C38: ='01'!C38 -> 0 | D38: ='01'!D38 -> 96 | E38: =+SUM(E20:E24) -> 61 | G38: =+SUM(G20:G37) -> 34.21 | H38: =+SUM(H20:H37) -> 0 | J38: =+SUM(J20:J37) -> 0 | K38: =+SUM(K20:K37) -> 61 | M38: =+SUM(M20:M37) -> 34.21 | N38: =+SUM(N20:N37) -> 0 | O38: =+SUM(O20:O37) -> 0 | P38: =+SUM(P20:P37) -> 0 | Q38: =+SUM(Q20:Q37) -> 0 | R38: =+SUM(R20:R37) -> 0 | S38: =+SUM(S20:S37) -> 0 | T38: =+SUM(T20:T37) -> 61 | V38: =+SUM(V20:V37) -> 34.21
B39: ='01'!B39 -> Grand TOTAL | C39: ='01'!C39 -> 0 | D39: ='01'!D39 -> 480 | E39: =+SUM(E7:E38)/2 -> 175 | G39: =+SUM(G7:G38)/2 -> 69.324167 | H39: =+SUM(H7:H38)/2 -> 0 | J39: =+SUM(J7:J38)/2 -> 0 | K39: =+SUM(K7:K38)/2 -> 175 | M39: =+SUM(M7:M38)/2 -> 69.324167 | N39: =+SUM(N7:N38)/2 -> 0 | O39: =+SUM(O7:O38)/2 -> 0 | P39: =+SUM(P7:P38)/2 -> 0 | Q39: =+SUM(Q7:Q38)/2 -> 0 | R39: =+SUM(R7:R38)/2 -> 10 | S39: =+SUM(S7:S38)/2 -> 2.9825 | T39: =+SUM(T7:T38)/2 -> 165 | V39: =+SUM(V7:V38)/2 -> 66.341667
A41: Prepared By: | H41: Checked By | R41: Acknowledge By:
A47: …........./……....../…........... | H47: …........./……....../…........... | R47: …........./……....../…...........

Sheet 05
A2: Stock Inventory Report of JULY 2026
S4: Date | T4: =+'04'!T4+1 -> 45843 | W4: Sale Report
A5: Nº | B5: Item Name | D5: Par Stock | E5: Opening | H5: Request | K5: In Stock | N5: Lost /Spoil | O5: Transfer out | P5: Cost of FOC | Q5: Cost of Sale | R5: Consumption | S5: Cost of Sale | T5: Closing
B6: English | C6: Khmer | E6: ដើមគ្រា | H6: បើកចូល | K6: ទំនិញមានក្នុងស្តុក | N6: ខូច/បាត់ | O6: ផ្ទេរចេញ | P6: ថ្លៃដើមព្រី | Q6: ថ្លៃដើមលក់ | R6: ថ្លៃដើមលក់ | S6: ថ្លៃដើមលក់ | T6: ចុងគ្រា | W6: Daily | AA6: Monthly
B7: ='01'!B7 -> Soft Drink | C7: ភេសជ្ជៈ | E7: Qtt | F7: U.P | G7: Amount | H7: Qtt | I7: U.P | J7: Amount | K7: Qtt | L7: U.P | M7: Amount | N7: Qtt | O7: Amount | P7: Qtt | Q7: Amount | R7: Qtt | S7: Amount | T7: Qtt | U7: U.P | V7: Amount | Y7: Qty | Z7: Amount | AA7: Qty | AB7: Amount
A8: 1 | B8: ='01'!B8 -> Cocacola Classic 330ml (24cans) | C8: ='01'!C8 -> កូកា ក្លាស៊ិក (កំប៉ុង៣៣០មម) | D8: ='01'!D8 -> 48 | E8: =+'04'!T8 -> -2 | F8: =+'04'!U8 -> 0.3625 | G8: =+'04'!V8 -> -0.725 | J8: =+H8*I8 -> 0 | K8: =+E8+H8 -> -2 | L8: =IF(K8=0,,M8/K8) -> 0.3625 | M8: =+J8+G8 -> -0.725 | O8: =+N8*L8 -> 0 | Q8: =+P8*L8 -> 0 | S8: =+R8*L8 -> 0 | T8: =+K8-N8-P8-R8 -> -2 | U8: =IF(T8=0,,V8/T8) -> 0.3625 | V8: =+T8*L8 -> -0.725 | W8: =+$B$8 -> Cocacola Classic 330ml (24cans) | Y8: =+$R$8 -> 0 | Z8: =+Y8*1 -> 0 | AA8: =+Y8+'04'!AA8 -> 3 | AB8: =+Z8+'04'!AB8 -> 3
A9: =+A8+1 -> 2 | B9: ='01'!B9 -> Cocacola Zero 330ml (24cans) | C9: ='01'!C9 -> កូកា សេរ៉ូ (កំប៉ុង៣៣០មម) | D9: ='01'!D9 -> 48 | E9: =+'04'!T9 -> 18 | F9: =+'04'!U9 -> 0.3625 | G9: =+'04'!V9 -> 6.525 | J9: =+H9*I9 -> 0 | K9: =+E9+H9 -> 18 | L9: =IF(K9=0,,M9/K9) -> 0.3625 | M9: =+J9+G9 -> 6.525 | O9: =+N9*L9 -> 0 | Q9: =+P9*L9 -> 0 | S9: =+R9*L9 -> 0 | T9: =+K9-N9-P9-R9 -> 18 | U9: =IF(T9=0,,V9/T9) -> 0.3625 | V9: =+T9*L9 -> 6.525 | W9: =+$B$9 -> Cocacola Zero 330ml (24cans) | Y9: =+$R$9 -> 0 | Z9: =+Y9*1 -> 0 | AA9: =+Y9+'04'!AA9 -> 0 | AB9: =+Z9+'04'!AB9 -> 0
A10: =+A9+1 -> 3 | B10: ='01'!B10 -> Cocacola Light 330ml (24cans) | C10: ='01'!C10 -> កូកា ឡៃ (កំប៉ុង៣៣០មម) | D10: ='01'!D10 -> 48 | E10: =+'04'!T10 -> 10 | F10: =+'04'!U10 -> 0.3625 | G10: =+'04'!V10 -> 3.625 | J10: =+H10*I10 -> 0 | K10: =+E10+H10 -> 10 | L10: =IF(K10=0,,M10/K10) -> 0.3625 | M10: =+J10+G10 -> 3.625 | O10: =+N10*L10 -> 0 | Q10: =+P10*L10 -> 0 | S10: =+R10*L10 -> 0 | T10: =+K10-N10-P10-R10 -> 10 | U10: =IF(T10=0,,V10/T10) -> 0.3625 | V10: =+T10*L10 -> 3.625 | W10: =+$B$10 -> Cocacola Light 330ml (24cans) | Y10: =+$R$10 -> 0 | Z10: =+Y10*1 -> 0 | AA10: =+Y10+'04'!AA10 -> 1 | AB10: =+Z10+'04'!AB10 -> 1
A11: =+A10+1 -> 4 | B11: ='01'!B11 -> Sprite 330ml (24cans) | C11: ='01'!C11 -> ស្ព្រៃ (កំប៉ុង៣៣០មម) | D11: ='01'!D11 -> 48 | E11: =+'04'!T11 -> 2 | F11: =+'04'!U11 -> 0.3625 | G11: =+'04'!V11 -> 0.725 | J11: =+H11*I11 -> 0 | K11: =+E11+H11 -> 2 | L11: =IF(K11=0,,M11/K11) -> 0.3625 | M11: =+J11+G11 -> 0.725 | O11: =+N11*L11 -> 0 | Q11: =+P11*L11 -> 0 | S11: =+R11*L11 -> 0 | T11: =+K11-N11-P11-R11 -> 2 | U11: =IF(T11=0,,V11/T11) -> 0.3625 | V11: =+T11*L11 -> 0.725 | W11: =+$B$11 -> Sprite 330ml (24cans) | Y11: =+$R$11 -> 0 | Z11: =+Y11*1 -> 0 | AA11: =+Y11+'04'!AA11 -> 0 | AB11: =+Z11+'04'!AB11 -> 0
A12: =+A11+1 -> 5 | B12: ='01'!B12 -> Schweppes Soda Water 330ml (24cans) | C12: ='01'!C12 -> ទឹកសូដា (កំប៉ុង៣៣០មម) | D12: ='01'!D12 -> 48 | E12: =+'04'!T12 -> 13 | F12: =+'04'!U12 -> 0.3625 | G12: =+'04'!V12 -> 4.7125 | J12: =+H12*I12 -> 0 | K12: =+E12+H12 -> 13 | L12: =IF(K12=0,,M12/K12) -> 0.3625 | M12: =+J12+G12 -> 4.7125 | O12: =+N12*L12 -> 0 | Q12: =+P12*L12 -> 0 | S12: =+R12*L12 -> 0 | T12: =+K12-N12-P12-R12 -> 13 | U12: =IF(T12=0,,V12/T12) -> 0.3625 | V12: =+T12*L12 -> 4.7125 | W12: =+$B$12 -> Schweppes Soda Water 330ml (24cans) | Y12: =+$R$12 -> 0 | Z12: =+Y12*1 -> 0 | AA12: =+Y12+'04'!AA12 -> 1 | AB12: =+Z12+'04'!AB12 -> 1
A13: =+A12+1 -> 6 | B13: ='01'!B13 -> Schweppes Tonic Water 330ml (24cans) | C13: ='01'!C13 -> ទឹកតូនិច (កំប៉ុង៣៣០មម) | D13: ='01'!D13 -> 48 | E13: =+'04'!T13 -> 19 | F13: =+'04'!U13 -> 0.3625 | G13: =+'04'!V13 -> 6.8875 | J13: =+H13*I13 -> 0 | K13: =+E13+H13 -> 19 | L13: =IF(K13=0,,M13/K13) -> 0.3625 | M13: =+J13+G13 -> 6.8875 | O13: =+N13*L13 -> 0 | Q13: =+P13*L13 -> 0 | S13: =+R13*L13 -> 0 | T13: =+K13-N13-P13-R13 -> 19 | U13: =IF(T13=0,,V13/T13) -> 0.3625 | V13: =+T13*L13 -> 6.8875 | W13: =+$B$13 -> Schweppes Tonic Water 330ml (24cans) | Y13: =+$R$13 -> 0 | Z13: =+Y13*1 -> 0 | AA13: =+Y13+'04'!AA13 -> 0 | AB13: =+Z13+'04'!AB13 -> 0
A14: =+A13+1 -> 7 | B14: ='01'!B14 -> Schweppes Ginger Ale 330ml (24cans) | C14: ='01'!C14 -> ទឹក Ginger ale (កំប៉ុង៣៣០មម) | D14: ='01'!D14 -> 48 | E14: =+'04'!T14 -> 18 | F14: =+'04'!U14 -> 0.3625 | G14: =+'04'!V14 -> 6.525 | J14: =+H14*I14 -> 0 | K14: =+E14+H14 -> 18 | L14: =IF(K14=0,,M14/K14) -> 0.3625 | M14: =+J14+G14 -> 6.525 | O14: =+N14*L14 -> 0 | Q14: =+P14*L14 -> 0 | S14: =+R14*L14 -> 0 | T14: =+K14-N14-P14-R14 -> 18 | U14: =IF(T14=0,,V14/T14) -> 0.3625 | V14: =+T14*L14 -> 6.525 | W14: =+$B$14 -> Schweppes Ginger Ale 330ml (24cans) | Y14: =+$R$14 -> 0 | Z14: =+Y14*1 -> 0 | AA14: =+Y14+'04'!AA14 -> 2 | AB14: =+Z14+'04'!AB14 -> 2
B15: ='01'!B15 -> TOTAL SOFT DRINK | C15: ='01'!C15 -> 0 | D15: ='01'!D15 -> 336 | E15: =+SUM(E8:E14) -> 78 | G15: =+SUM(G8:G14) -> 28.275 | H15: =+SUM(H8:H14) -> 0 | J15: =+SUM(J8:J14) -> 0 | K15: =+SUM(K8:K14) -> 78 | M15: =+SUM(M8:M14) -> 28.275 | N15: =+SUM(N8:N14) -> 0 | O15: =+SUM(O8:O14) -> 0 | P15: =+SUM(P8:P14) -> 0 | Q15: =+SUM(Q8:Q14) -> 0 | R15: =+SUM(R8:R14) -> 0 | S15: =+SUM(S8:S14) -> 0 | T15: =+SUM(T8:T14) -> 78 | V15: =+SUM(V8:V14) -> 28.275 | W15: =+$B$17 -> Dasani 500ml (24 Btl) | Y15: =+$R$17 -> 1 | Z15: =+Y15*0.5 -> 0.5 | AA15: =+Y15+'04'!AA15 -> 9 | AB15: =+Z15+'04'!AB15 -> 4.5
B16: ='01'!B16 -> Water | C16: ='01'!C16 -> 0 | D16: ='01'!D16 -> 0 | W16: =+$B$20 -> TIGER BEER 330ml CAN | Y16: =+$R$20 -> 1 | Z16: =+Y16*1.25 -> 1.25 | AA16: =+Y16+'04'!AA16 -> 1 | AB16: =+Z16+'04'!AB16 -> 1.25
A17: =+A14+1 -> 8 | B17: ='01'!B17 -> Dasani 500ml (24 Btl) | C17: ='01'!C17 -> 0 | D17: ='01'!D17 -> 48 | E17: =+'04'!T17 -> 26 | F17: =+'04'!U17 -> 0.14833333 | G17: =+'04'!V17 -> 3.8566667 | J17: =+H17*I17 -> 0 | K17: =+E17+H17 -> 26 | L17: =IF(K17=0,,M17/K17) -> 0.14833333 | M17: =+J17+G17 -> 3.8566667 | O17: =+N17*L17 -> 0 | Q17: =+P17*L17 -> 0 | R17: 1 | S17: =+R17*L17 -> 0.14833333 | T17: =+K17-N17-P17-R17 -> 25 | U17: =IF(T17=0,,V17/T17) -> 0.14833333 | V17: =+T17*L17 -> 3.7083333 | W17: =+$B$21 -> Heineken 330ml CAN | Y17: =+$R$21 -> 0 | Z17: =+Y17*1.25 -> 0 | AA17: =+Y17+'04'!AA17 -> 0 | AB17: =+Z17+'04'!AB17 -> 0
B18: ='01'!B18 -> TOTAL Water | C18: ='01'!C18 -> 0 | D18: ='01'!D18 -> 48 | E18: =+E17 -> 26 | G18: =+G17 -> 3.8566667 | H18: =+H17 -> 0 | J18: =+J17 -> 0 | K18: =+K17 -> 26 | M18: =+M17 -> 3.8566667 | N18: =+N17 -> 0 | O18: =+O17 -> 0 | P18: =+P17 -> 0 | Q18: =+Q17 -> 0 | R18: =+R17 -> 1 | S18: =+S17 -> 0.14833333 | T18: =+T17 -> 25 | V18: =+V17 -> 3.7083333 | Y18: =+$R$22 -> 0 | Z18: =+Y18*1 -> 0 | AA18: =+Y18+'04'!AA18 -> 0 | AB18: =+Z18+'04'!AB18 -> 0
B19: ='01'!B19 -> Beer | C19: ='01'!C19 -> 0 | D19: ='01'!D19 -> 0 | Y19: =+$R$23 -> 0 | Z19: =+Y19*1 -> 0 | AA19: =+Y19+'04'!AA19 -> 0 | AB19: =+Z19+'04'!AB19 -> 0
A20: =+A19+1 -> 1 | B20: ='01'!B20 -> TIGER BEER 330ml CAN | C20: ='01'!C20 -> ស្រាបៀរថៃហ្គ័រ (កំប៉ុង ៣៣០មល) | D20: ='01'!D20 -> 48 | E20: =+'04'!T20 -> 32 | F20: =+'04'!U20 -> 0.48 | G20: =+'04'!V20 -> 15.36 | J20: =+H20*I20 -> 0 | K20: =+E20+H20 -> 32 | L20: =IF(K20=0,,M20/K20) -> 0.48 | M20: =+J20+G20 -> 15.36 | O20: =+N20*L20 -> 0 | Q20: =+P20*L20 -> 0 | R20: 1 | S20: =+R20*L20 -> 0.48 | T20: =+K20-N20-P20-R20 -> 31 | U20: =IF(T20=0,,V20/T20) -> 0.48 | V20: =+T20*L20 -> 14.88 | W20: TOTAL | Y20: =+SUM(Y8:Y19) -> 2 | Z20: =+SUM(Z8:Z19) -> 1.75 | AA20: =+SUM(AA8:AA19) -> 17 | AB20: =+SUM(AB8:AB19) -> 12.75
A21: =+A20+1 -> 2 | B21: ='01'!B21 -> Heineken 330ml CAN | C21: ='01'!C21 -> ស្រាបៀរហេន័រឃិន (កំប៉ុង ៣៣០មល) | D21: ='01'!D21 -> 48 | E21: =+'04'!T21 -> 29 | F21: =+'04'!U21 -> 0.65 | G21: =+'04'!V21 -> 18.85 | J21: =+H21*I21 -> 0 | K21: =+E21+H21 -> 29 | L21: =IF(K21=0,,M21/K21) -> 0.65 | M21: =+J21+G21 -> 18.85 | O21: =+N21*L21 -> 0 | Q21: =+P21*L21 -> 0 | S21: =+R21*L21 -> 0 | T21: =+K21-N21-P21-R21 -> 29 | U21: =IF(T21=0,,V21/T21) -> 0.65 | V21: =+T21*L21 -> 18.85
A22: =+A21+1 -> 3 | B22: ='01'!B22 -> 0 | C22: ='01'!C22 -> 0 | D22: ='01'!D22 -> 0 | E22: =+'04'!T22 -> 0 | F22: =+'04'!U22 -> 0 | G22: =+'04'!V22 -> 0 | J22: =+H22*I22 -> 0 | K22: =+E22+H22 -> 0 | L22: =IF(K22=0,,M22/K22) -> 0 | M22: =+J22+G22 -> 0 | O22: =+N22*L22 -> 0 | Q22: =+P22*L22 -> 0 | S22: =+R22*L22 -> 0 | T22: =+K22-N22-P22-R22 -> 0 | U22: =IF(T22=0,,V22/T22) -> 0 | V22: =+T22*L22 -> 0
A23: =+A22+1 -> 4 | B23: ='01'!B23 -> 0 | C23: ='01'!C23 -> 0 | D23: ='01'!D23 -> 0 | E23: =+'04'!T23 -> 0 | F23: =+'04'!U23 -> 0 | G23: =+'04'!V23 -> 0 | J23: =+H23*I23 -> 0 | K23: =+E23+H23 -> 0 | L23: =IF(K23=0,,M23/K23) -> 0 | M23: =+J23+G23 -> 0 | O23: =+N23*L23 -> 0 | Q23: =+P23*L23 -> 0 | S23: =+R23*L23 -> 0 | T23: =+K23-N23-P23-R23 -> 0 | U23: =IF(T23=0,,V23/T23) -> 0 | V23: =+T23*L23 -> 0
A24: =+A23+1 -> 5 | B24: ='01'!B24 -> 0 | C24: ='01'!C24 -> 0 | D24: ='01'!D24 -> 0 | E24: =+'04'!T24 -> 0 | F24: =+'04'!U24 -> 0 | G24: =+'04'!V24 -> 0 | J24: =+H24*I24 -> 0 | K24: =+E24+H24 -> 0 | L24: =IF(K24=0,,M24/K24) -> 0 | M24: =+J24+G24 -> 0 | O24: =+N24*L24 -> 0 | Q24: =+P24*L24 -> 0 | S24: =+R24*L24 -> 0 | T24: =+K24-N24-P24-R24 -> 0 | U24: =IF(T24=0,,V24/T24) -> 0 | V24: =+T24*L24 -> 0
A25: =+A24+1 -> 6 | D25: ='01'!D25 -> 0 | E25: =+'04'!T25 -> 0 | F25: =+'04'!U25 -> 0 | G25: =+'04'!V25 -> 0 | J25: =+H25*I25 -> 0 | K25: =+E25+H25 -> 0 | L25: =IF(K25=0,,M25/K25) -> 0 | M25: =+J25+G25 -> 0 | O25: =+N25*L25 -> 0 | Q25: =+P25*L25 -> 0 | S25: =+R25*L25 -> 0 | T25: =+K25-N25-P25-R25 -> 0 | U25: =IF(T25=0,,V25/T25) -> 0 | V25: =+T25*L25 -> 0
A26: =+A25+1 -> 7 | D26: ='01'!D26 -> 0 | E26: =+'04'!T26 -> 0 | F26: =+'04'!U26 -> 0 | G26: =+'04'!V26 -> 0 | J26: =+H26*I26 -> 0 | K26: =+E26+H26 -> 0 | L26: =IF(K26=0,,M26/K26) -> 0 | M26: =+J26+G26 -> 0 | O26: =+N26*L26 -> 0 | Q26: =+P26*L26 -> 0 | S26: =+R26*L26 -> 0 | T26: =+K26-N26-P26-R26 -> 0 | U26: =IF(T26=0,,V26/T26) -> 0 | V26: =+T26*L26 -> 0
A27: =+A26+1 -> 8 | D27: ='01'!D27 -> 0 | E27: =+'04'!T27 -> 0 | F27: =+'04'!U27 -> 0 | G27: =+'04'!V27 -> 0 | J27: =+H27*I27 -> 0 | K27: =+E27+H27 -> 0 | L27: =IF(K27=0,,M27/K27) -> 0 | M27: =+J27+G27 -> 0 | O27: =+N27*L27 -> 0 | Q27: =+P27*L27 -> 0 | S27: =+R27*L27 -> 0 | T27: =+K27-N27-P27-R27 -> 0 | U27: =IF(T27=0,,V27/T27) -> 0 | V27: =+T27*L27 -> 0
A28: =+A27+1 -> 9 | D28: ='01'!D28 -> 0 | E28: =+'04'!T28 -> 0 | F28: =+'04'!U28 -> 0 | G28: =+'04'!V28 -> 0 | J28: =+H28*I28 -> 0 | K28: =+E28+H28 -> 0 | L28: =IF(K28=0,,M28/K28) -> 0 | M28: =+J28+G28 -> 0 | O28: =+N28*L28 -> 0 | Q28: =+P28*L28 -> 0 | S28: =+R28*L28 -> 0 | T28: =+K28-N28-P28-R28 -> 0 | U28: =IF(T28=0,,V28/T28) -> 0 | V28: =+T28*L28 -> 0
A29: =+A28+1 -> 10 | D29: ='01'!D29 -> 0 | E29: =+'04'!T29 -> 0 | F29: =+'04'!U29 -> 0 | G29: =+'04'!V29 -> 0 | J29: =+H29*I29 -> 0 | K29: =+E29+H29 -> 0 | L29: =IF(K29=0,,M29/K29) -> 0 | M29: =+J29+G29 -> 0 | O29: =+N29*L29 -> 0 | Q29: =+P29*L29 -> 0 | S29: =+R29*L29 -> 0 | T29: =+K29-N29-P29-R29 -> 0 | U29: =IF(T29=0,,V29/T29) -> 0 | V29: =+T29*L29 -> 0
A30: =+A29+1 -> 11 | D30: ='01'!D30 -> 0 | E30: =+'04'!T30 -> 0 | F30: =+'04'!U30 -> 0 | G30: =+'04'!V30 -> 0 | J30: =+H30*I30 -> 0 | K30: =+E30+H30 -> 0 | L30: =IF(K30=0,,M30/K30) -> 0 | M30: =+J30+G30 -> 0 | O30: =+N30*L30 -> 0 | Q30: =+P30*L30 -> 0 | S30: =+R30*L30 -> 0 | T30: =+K30-N30-P30-R30 -> 0 | U30: =IF(T30=0,,V30/T30) -> 0 | V30: =+T30*L30 -> 0
A31: =+A30+1 -> 12 | D31: ='01'!D31 -> 0 | E31: =+'04'!T31 -> 0 | F31: =+'04'!U31 -> 0 | G31: =+'04'!V31 -> 0 | J31: =+H31*I31 -> 0 | K31: =+E31+H31 -> 0 | L31: =IF(K31=0,,M31/K31) -> 0 | M31: =+J31+G31 -> 0 | O31: =+N31*L31 -> 0 | Q31: =+P31*L31 -> 0 | S31: =+R31*L31 -> 0 | T31: =+K31-N31-P31-R31 -> 0 | U31: =IF(T31=0,,V31/T31) -> 0 | V31: =+T31*L31 -> 0
A32: =+A31+1 -> 13 | D32: ='01'!D32 -> 0 | E32: =+'04'!T32 -> 0 | F32: =+'04'!U32 -> 0 | G32: =+'04'!V32 -> 0 | J32: =+H32*I32 -> 0 | K32: =+E32+H32 -> 0 | L32: =IF(K32=0,,M32/K32) -> 0 | M32: =+J32+G32 -> 0 | O32: =+N32*L32 -> 0 | Q32: =+P32*L32 -> 0 | S32: =+R32*L32 -> 0 | T32: =+K32-N32-P32-R32 -> 0 | U32: =IF(T32=0,,V32/T32) -> 0 | V32: =+T32*L32 -> 0
A33: =+A32+1 -> 14 | D33: ='01'!D33 -> 0 | E33: =+'04'!T33 -> 0 | F33: =+'04'!U33 -> 0 | G33: =+'04'!V33 -> 0 | J33: =+H33*I33 -> 0 | K33: =+E33+H33 -> 0 | L33: =IF(K33=0,,M33/K33) -> 0 | M33: =+J33+G33 -> 0 | O33: =+N33*L33 -> 0 | Q33: =+P33*L33 -> 0 | S33: =+R33*L33 -> 0 | T33: =+K33-N33-P33-R33 -> 0 | U33: =IF(T33=0,,V33/T33) -> 0 | V33: =+T33*L33 -> 0
A34: =+A33+1 -> 15 | D34: ='01'!D34 -> 0 | E34: =+'04'!T34 -> 0 | F34: =+'04'!U34 -> 0 | G34: =+'04'!V34 -> 0 | J34: =+H34*I34 -> 0 | K34: =+E34+H34 -> 0 | L34: =IF(K34=0,,M34/K34) -> 0 | M34: =+J34+G34 -> 0 | O34: =+N34*L34 -> 0 | Q34: =+P34*L34 -> 0 | S34: =+R34*L34 -> 0 | T34: =+K34-N34-P34-R34 -> 0 | U34: =IF(T34=0,,V34/T34) -> 0 | V34: =+T34*L34 -> 0
A35: =+A34+1 -> 16 | D35: ='01'!D35 -> 0 | E35: =+'04'!T35 -> 0 | F35: =+'04'!U35 -> 0 | G35: =+'04'!V35 -> 0 | J35: =+H35*I35 -> 0 | K35: =+E35+H35 -> 0 | L35: =IF(K35=0,,M35/K35) -> 0 | M35: =+J35+G35 -> 0 | O35: =+N35*L35 -> 0 | Q35: =+P35*L35 -> 0 | S35: =+R35*L35 -> 0 | T35: =+K35-N35-P35-R35 -> 0 | U35: =IF(T35=0,,V35/T35) -> 0 | V35: =+T35*L35 -> 0
A36: =+A35+1 -> 17 | D36: ='01'!D36 -> 0 | E36: =+'04'!T36 -> 0 | F36: =+'04'!U36 -> 0 | G36: =+'04'!V36 -> 0 | J36: =+H36*I36 -> 0 | K36: =+E36+H36 -> 0 | L36: =IF(K36=0,,M36/K36) -> 0 | M36: =+J36+G36 -> 0 | O36: =+N36*L36 -> 0 | Q36: =+P36*L36 -> 0 | S36: =+R36*L36 -> 0 | T36: =+K36-N36-P36-R36 -> 0 | U36: =IF(T36=0,,V36/T36) -> 0 | V36: =+T36*L36 -> 0
A37: =+A36+1 -> 18 | D37: ='01'!D37 -> 0 | E37: =+'04'!T37 -> 0 | F37: =+'04'!U37 -> 0 | G37: =+'04'!V37 -> 0 | J37: =+H37*I37 -> 0 | K37: =+E37+H37 -> 0 | L37: =IF(K37=0,,M37/K37) -> 0 | M37: =+J37+G37 -> 0 | O37: =+N37*L37 -> 0 | Q37: =+P37*L37 -> 0 | S37: =+R37*L37 -> 0 | T37: =+K37-N37-P37-R37 -> 0 | U37: =IF(T37=0,,V37/T37) -> 0 | V37: =+T37*L37 -> 0
B38: ='01'!B38 -> TOTAL BEER | C38: ='01'!C38 -> 0 | D38: ='01'!D38 -> 96 | E38: =+SUM(E20:E24) -> 61 | G38: =+SUM(G20:G37) -> 34.21 | H38: =+SUM(H20:H37) -> 0 | J38: =+SUM(J20:J37) -> 0 | K38: =+SUM(K20:K37) -> 61 | M38: =+SUM(M20:M37) -> 34.21 | N38: =+SUM(N20:N37) -> 0 | O38: =+SUM(O20:O37) -> 0 | P38: =+SUM(P20:P37) -> 0 | Q38: =+SUM(Q20:Q37) -> 0 | R38: =+SUM(R20:R37) -> 1 | S38: =+SUM(S20:S37) -> 0.48 | T38: =+SUM(T20:T37) -> 60 | V38: =+SUM(V20:V37) -> 33.73
B39: ='01'!B39 -> Grand TOTAL | C39: ='01'!C39 -> 0 | D39: ='01'!D39 -> 480 | E39: =+SUM(E7:E38)/2 -> 165 | G39: =+SUM(G7:G38)/2 -> 66.341667 | H39: =+SUM(H7:H38)/2 -> 0 | J39: =+SUM(J7:J38)/2 -> 0 | K39: =+SUM(K7:K38)/2 -> 165 | M39: =+SUM(M7:M38)/2 -> 66.341667 | N39: =+SUM(N7:N38)/2 -> 0 | O39: =+SUM(O7:O38)/2 -> 0 | P39: =+SUM(P7:P38)/2 -> 0 | Q39: =+SUM(Q7:Q38)/2 -> 0 | R39: =+SUM(R7:R38)/2 -> 2 | S39: =+SUM(S7:S38)/2 -> 0.62833333 | T39: =+SUM(T7:T38)/2 -> 163 | V39: =+SUM(V7:V38)/2 -> 65.713333
A41: Prepared By: | H41: Checked By | R41: Acknowledge By:
A47: …........./……....../…........... | H47: …........./……....../…........... | R47: …........./……....../…...........

Sheet 06
A2: Stock Inventory Report of JULY 2026
S4: Date | T4: =+'05'!T4+1 -> 45844 | W4: Sale Report
A5: Nº | B5: Item Name | D5: Par Stock | E5: Opening | H5: Request | K5: In Stock | N5: Lost /Spoil | O5: Transfer out | P5: Cost of FOC | Q5: Cost of Sale | R5: Consumption | S5: Cost of Sale | T5: Closing
B6: English | C6: Khmer | E6: ដើមគ្រា | H6: បើកចូល | K6: ទំនិញមានក្នុងស្តុក | N6: ខូច/បាត់ | O6: ផ្ទេរចេញ | P6: ថ្លៃដើមព្រី | Q6: ថ្លៃដើមលក់ | R6: ថ្លៃដើមលក់ | S6: ថ្លៃដើមលក់ | T6: ចុងគ្រា | W6: Daily | AA6: Monthly
B7: ='01'!B7 -> Soft Drink | C7: ភេសជ្ជៈ | E7: Qtt | F7: U.P | G7: Amount | H7: Qtt | I7: U.P | J7: Amount | K7: Qtt | L7: U.P | M7: Amount | N7: Qtt | O7: Amount | P7: Qtt | Q7: Amount | R7: Qtt | S7: Amount | T7: Qtt | U7: U.P | V7: Amount | Y7: Qty | Z7: Amount | AA7: Qty | AB7: Amount
A8: 1 | B8: ='01'!B8 -> Cocacola Classic 330ml (24cans) | C8: ='01'!C8 -> កូកា ក្លាស៊ិក (កំប៉ុង៣៣០មម) | D8: ='01'!D8 -> 48 | E8: =+'05'!T8 -> -2 | F8: =+'05'!U8 -> 0.3625 | G8: =+'05'!V8 -> -0.725 | J8: =+H8*I8 -> 0 | K8: =+E8+H8 -> -2 | L8: =IF(K8=0,,M8/K8) -> 0.3625 | M8: =+J8+G8 -> -0.725 | O8: =+N8*L8 -> 0 | Q8: =+P8*L8 -> 0 | R8: 1 | S8: =+R8*L8 -> 0.3625 | T8: =+K8-N8-P8-R8 -> -3 | U8: =IF(T8=0,,V8/T8) -> 0.3625 | V8: =+T8*L8 -> -1.0875 | W8: =+$B$8 -> Cocacola Classic 330ml (24cans) | Y8: =+$R$8 -> 1 | Z8: =+Y8*1 -> 1 | AA8: =+Y8+'05'!AA8 -> 4 | AB8: =+Z8+'05'!AB8 -> 4
A9: =+A8+1 -> 2 | B9: ='01'!B9 -> Cocacola Zero 330ml (24cans) | C9: ='01'!C9 -> កូកា សេរ៉ូ (កំប៉ុង៣៣០មម) | D9: ='01'!D9 -> 48 | E9: =+'05'!T9 -> 18 | F9: =+'05'!U9 -> 0.3625 | G9: =+'05'!V9 -> 6.525 | J9: =+H9*I9 -> 0 | K9: =+E9+H9 -> 18 | L9: =IF(K9=0,,M9/K9) -> 0.3625 | M9: =+J9+G9 -> 6.525 | O9: =+N9*L9 -> 0 | Q9: =+P9*L9 -> 0 | S9: =+R9*L9 -> 0 | T9: =+K9-N9-P9-R9 -> 18 | U9: =IF(T9=0,,V9/T9) -> 0.3625 | V9: =+T9*L9 -> 6.525 | W9: =+$B$9 -> Cocacola Zero 330ml (24cans) | Y9: =+$R$9 -> 0 | Z9: =+Y9*1 -> 0 | AA9: =+Y9+'05'!AA9 -> 0 | AB9: =+Z9+'05'!AB9 -> 0
A10: =+A9+1 -> 3 | B10: ='01'!B10 -> Cocacola Light 330ml (24cans) | C10: ='01'!C10 -> កូកា ឡៃ (កំប៉ុង៣៣០មម) | D10: ='01'!D10 -> 48 | E10: =+'05'!T10 -> 10 | F10: =+'05'!U10 -> 0.3625 | G10: =+'05'!V10 -> 3.625 | J10: =+H10*I10 -> 0 | K10: =+E10+H10 -> 10 | L10: =IF(K10=0,,M10/K10) -> 0.3625 | M10: =+J10+G10 -> 3.625 | O10: =+N10*L10 -> 0 | Q10: =+P10*L10 -> 0 | S10: =+R10*L10 -> 0 | T10: =+K10-N10-P10-R10 -> 10 | U10: =IF(T10=0,,V10/T10) -> 0.3625 | V10: =+T10*L10 -> 3.625 | W10: =+$B$10 -> Cocacola Light 330ml (24cans) | Y10: =+$R$10 -> 0 | Z10: =+Y10*1 -> 0 | AA10: =+Y10+'05'!AA10 -> 1 | AB10: =+Z10+'05'!AB10 -> 1
A11: =+A10+1 -> 4 | B11: ='01'!B11 -> Sprite 330ml (24cans) | C11: ='01'!C11 -> ស្ព្រៃ (កំប៉ុង៣៣០មម) | D11: ='01'!D11 -> 48 | E11: =+'05'!T11 -> 2 | F11: =+'05'!U11 -> 0.3625 | G11: =+'05'!V11 -> 0.725 | J11: =+H11*I11 -> 0 | K11: =+E11+H11 -> 2 | L11: =IF(K11=0,,M11/K11) -> 0.3625 | M11: =+J11+G11 -> 0.725 | O11: =+N11*L11 -> 0 | Q11: =+P11*L11 -> 0 | S11: =+R11*L11 -> 0 | T11: =+K11-N11-P11-R11 -> 2 | U11: =IF(T11=0,,V11/T11) -> 0.3625 | V11: =+T11*L11 -> 0.725 | W11: =+$B$11 -> Sprite 330ml (24cans) | Y11: =+$R$11 -> 0 | Z11: =+Y11*1 -> 0 | AA11: =+Y11+'05'!AA11 -> 0 | AB11: =+Z11+'05'!AB11 -> 0
A12: =+A11+1 -> 5 | B12: ='01'!B12 -> Schweppes Soda Water 330ml (24cans) | C12: ='01'!C12 -> ទឹកសូដា (កំប៉ុង៣៣០មម) | D12: ='01'!D12 -> 48 | E12: =+'05'!T12 -> 13 | F12: =+'05'!U12 -> 0.3625 | G12: =+'05'!V12 -> 4.7125 | J12: =+H12*I12 -> 0 | K12: =+E12+H12 -> 13 | L12: =IF(K12=0,,M12/K12) -> 0.3625 | M12: =+J12+G12 -> 4.7125 | O12: =+N12*L12 -> 0 | Q12: =+P12*L12 -> 0 | S12: =+R12*L12 -> 0 | T12: =+K12-N12-P12-R12 -> 13 | U12: =IF(T12=0,,V12/T12) -> 0.3625 | V12: =+T12*L12 -> 4.7125 | W12: =+$B$12 -> Schweppes Soda Water 330ml (24cans) | Y12: =+$R$12 -> 0 | Z12: =+Y12*1 -> 0 | AA12: =+Y12+'05'!AA12 -> 1 | AB12: =+Z12+'05'!AB12 -> 1
A13: =+A12+1 -> 6 | B13: ='01'!B13 -> Schweppes Tonic Water 330ml (24cans) | C13: ='01'!C13 -> ទឹកតូនិច (កំប៉ុង៣៣០មម) | D13: ='01'!D13 -> 48 | E13: =+'05'!T13 -> 19 | F13: =+'05'!U13 -> 0.3625 | G13: =+'05'!V13 -> 6.8875 | J13: =+H13*I13 -> 0 | K13: =+E13+H13 -> 19 | L13: =IF(K13=0,,M13/K13) -> 0.3625 | M13: =+J13+G13 -> 6.8875 | O13: =+N13*L13 -> 0 | Q13: =+P13*L13 -> 0 | S13: =+R13*L13 -> 0 | T13: =+K13-N13-P13-R13 -> 19 | U13: =IF(T13=0,,V13/T13) -> 0.3625 | V13: =+T13*L13 -> 6.8875 | W13: =+$B$13 -> Schweppes Tonic Water 330ml (24cans) | Y13: =+$R$13 -> 0 | Z13: =+Y13*1 -> 0 | AA13: =+Y13+'05'!AA13 -> 0 | AB13: =+Z13+'05'!AB13 -> 0
A14: =+A13+1 -> 7 | B14: ='01'!B14 -> Schweppes Ginger Ale 330ml (24cans) | C14: ='01'!C14 -> ទឹក Ginger ale (កំប៉ុង៣៣០មម) | D14: ='01'!D14 -> 48 | E14: =+'05'!T14 -> 18 | F14: =+'05'!U14 -> 0.3625 | G14: =+'05'!V14 -> 6.525 | J14: =+H14*I14 -> 0 | K14: =+E14+H14 -> 18 | L14: =IF(K14=0,,M14/K14) -> 0.3625 | M14: =+J14+G14 -> 6.525 | O14: =+N14*L14 -> 0 | Q14: =+P14*L14 -> 0 | S14: =+R14*L14 -> 0 | T14: =+K14-N14-P14-R14 -> 18 | U14: =IF(T14=0,,V14/T14) -> 0.3625 | V14: =+T14*L14 -> 6.525 | W14: =+$B$14 -> Schweppes Ginger Ale 330ml (24cans) | Y14: =+$R$14 -> 0 | Z14: =+Y14*1 -> 0 | AA14: =+Y14+'05'!AA14 -> 2 | AB14: =+Z14+'05'!AB14 -> 2
B15: ='01'!B15 -> TOTAL SOFT DRINK | C15: ='01'!C15 -> 0 | D15: ='01'!D15 -> 336 | E15: =+SUM(E8:E14) -> 78 | G15: =+SUM(G8:G14) -> 28.275 | H15: =+SUM(H8:H14) -> 0 | J15: =+SUM(J8:J14) -> 0 | K15: =+SUM(K8:K14) -> 78 | M15: =+SUM(M8:M14) -> 28.275 | N15: =+SUM(N8:N14) -> 0 | O15: =+SUM(O8:O14) -> 0 | P15: =+SUM(P8:P14) -> 0 | Q15: =+SUM(Q8:Q14) -> 0 | R15: =+SUM(R8:R14) -> 1 | S15: =+SUM(S8:S14) -> 0.3625 | T15: =+SUM(T8:T14) -> 77 | V15: =+SUM(V8:V14) -> 27.9125 | W15: =+$B$17 -> Dasani 500ml (24 Btl) | Y15: =+$R$17 -> 1 | Z15: =+Y15*0.5 -> 0.5 | AA15: =+Y15+'05'!AA15 -> 10 | AB15: =+Z15+'05'!AB15 -> 5
B16: ='01'!B16 -> Water | C16: ='01'!C16 -> 0 | D16: ='01'!D16 -> 0 | W16: =+$B$20 -> TIGER BEER 330ml CAN | Y16: =+$R$20 -> 0 | Z16: =+Y16*1.25 -> 0 | AA16: =+Y16+'05'!AA16 -> 1 | AB16: =+Z16+'05'!AB16 -> 1.25
A17: =+A14+1 -> 8 | B17: ='01'!B17 -> Dasani 500ml (24 Btl) | C17: ='01'!C17 -> 0 | D17: ='01'!D17 -> 48 | E17: =+'05'!T17 -> 25 | F17: =+'05'!U17 -> 0.14833333 | G17: =+'05'!V17 -> 3.7083333 | J17: =+H17*I17 -> 0 | K17: =+E17+H17 -> 25 | L17: =IF(K17=0,,M17/K17) -> 0.14833333 | M17: =+J17+G17 -> 3.7083333 | O17: =+N17*L17 -> 0 | Q17: =+P17*L17 -> 0 | R17: 1 | S17: =+R17*L17 -> 0.14833333 | T17: =+K17-N17-P17-R17 -> 24 | U17: =IF(T17=0,,V17/T17) -> 0.14833333 | V17: =+T17*L17 -> 3.56 | W17: =+$B$21 -> Heineken 330ml CAN | Y17: =+$R$21 -> 0 | Z17: =+Y17*1.25 -> 0 | AA17: =+Y17+'05'!AA17 -> 0 | AB17: =+Z17+'05'!AB17 -> 0
B18: ='01'!B18 -> TOTAL Water | C18: ='01'!C18 -> 0 | D18: ='01'!D18 -> 48 | E18: =+E17 -> 25 | G18: =+G17 -> 3.7083333 | H18: =+H17 -> 0 | J18: =+J17 -> 0 | K18: =+K17 -> 25 | M18: =+M17 -> 3.7083333 | N18: =+N17 -> 0 | O18: =+O17 -> 0 | P18: =+P17 -> 0 | Q18: =+Q17 -> 0 | R18: =+R17 -> 1 | S18: =+S17 -> 0.14833333 | T18: =+T17 -> 24 | V18: =+V17 -> 3.56 | Y18: =+$R$22 -> 0 | Z18: =+Y18*1 -> 0 | AA18: =+Y18+'05'!AA18 -> 0 | AB18: =+Z18+'05'!AB18 -> 0
B19: ='01'!B19 -> Beer | C19: ='01'!C19 -> 0 | D19: ='01'!D19 -> 0 | Y19: =+$R$23 -> 0 | Z19: =+Y19*1 -> 0 | AA19: =+Y19+'05'!AA19 -> 0 | AB19: =+Z19+'05'!AB19 -> 0
A20: =+A19+1 -> 1 | B20: ='01'!B20 -> TIGER BEER 330ml CAN | C20: ='01'!C20 -> ស្រាបៀរថៃហ្គ័រ (កំប៉ុង ៣៣០មល) | D20: ='01'!D20 -> 48 | E20: =+'05'!T20 -> 31 | F20: =+'05'!U20 -> 0.48 | G20: =+'05'!V20 -> 14.88 | J20: =+H20*I20 -> 0 | K20: =+E20+H20 -> 31 | L20: =IF(K20=0,,M20/K20) -> 0.48 | M20: =+J20+G20 -> 14.88 | O20: =+N20*L20 -> 0 | Q20: =+P20*L20 -> 0 | S20: =+R20*L20 -> 0 | T20: =+K20-N20-P20-R20 -> 31 | U20: =IF(T20=0,,V20/T20) -> 0.48 | V20: =+T20*L20 -> 14.88 | W20: TOTAL | Y20: =+SUM(Y8:Y19) -> 2 | Z20: =+SUM(Z8:Z19) -> 1.5 | AA20: =+SUM(AA8:AA19) -> 19 | AB20: =+SUM(AB8:AB19) -> 14.25
A21: =+A20+1 -> 2 | B21: ='01'!B21 -> Heineken 330ml CAN | C21: ='01'!C21 -> ស្រាបៀរហេន័រឃិន (កំប៉ុង ៣៣០មល) | D21: ='01'!D21 -> 48 | E21: =+'05'!T21 -> 29 | F21: =+'05'!U21 -> 0.65 | G21: =+'05'!V21 -> 18.85 | J21: =+H21*I21 -> 0 | K21: =+E21+H21 -> 29 | L21: =IF(K21=0,,M21/K21) -> 0.65 | M21: =+J21+G21 -> 18.85 | O21: =+N21*L21 -> 0 | Q21: =+P21*L21 -> 0 | S21: =+R21*L21 -> 0 | T21: =+K21-N21-P21-R21 -> 29 | U21: =IF(T21=0,,V21/T21) -> 0.65 | V21: =+T21*L21 -> 18.85
A22: =+A21+1 -> 3 | B22: ='01'!B22 -> 0 | C22: ='01'!C22 -> 0 | D22: ='01'!D22 -> 0 | E22: =+'05'!T22 -> 0 | F22: =+'05'!U22 -> 0 | G22: =+'05'!V22 -> 0 | J22: =+H22*I22 -> 0 | K22: =+E22+H22 -> 0 | L22: =IF(K22=0,,M22/K22) -> 0 | M22: =+J22+G22 -> 0 | O22: =+N22*L22 -> 0 | Q22: =+P22*L22 -> 0 | S22: =+R22*L22 -> 0 | T22: =+K22-N22-P22-R22 -> 0 | U22: =IF(T22=0,,V22/T22) -> 0 | V22: =+T22*L22 -> 0
A23: =+A22+1 -> 4 | B23: ='01'!B23 -> 0 | C23: ='01'!C23 -> 0 | D23: ='01'!D23 -> 0 | E23: =+'05'!T23 -> 0 | F23: =+'05'!U23 -> 0 | G23: =+'05'!V23 -> 0 | J23: =+H23*I23 -> 0 | K23: =+E23+H23 -> 0 | L23: =IF(K23=0,,M23/K23) -> 0 | M23: =+J23+G23 -> 0 | O23: =+N23*L23 -> 0 | Q23: =+P23*L23 -> 0 | S23: =+R23*L23 -> 0 | T23: =+K23-N23-P23-R23 -> 0 | U23: =IF(T23=0,,V23/T23) -> 0 | V23: =+T23*L23 -> 0
A24: =+A23+1 -> 5 | B24: ='01'!B24 -> 0 | C24: ='01'!C24 -> 0 | D24: ='01'!D24 -> 0 | E24: =+'05'!T24 -> 0 | F24: =+'05'!U24 -> 0 | G24: =+'05'!V24 -> 0 | J24: =+H24*I24 -> 0 | K24: =+E24+H24 -> 0 | L24: =IF(K24=0,,M24/K24) -> 0 | M24: =+J24+G24 -> 0 | O24: =+N24*L24 -> 0 | Q24: =+P24*L24 -> 0 | S24: =+R24*L24 -> 0 | T24: =+K24-N24-P24-R24 -> 0 | U24: =IF(T24=0,,V24/T24) -> 0 | V24: =+T24*L24 -> 0
A25: =+A24+1 -> 6 | D25: ='01'!D25 -> 0 | E25: =+'05'!T25 -> 0 | F25: =+'05'!U25 -> 0 | G25: =+'05'!V25 -> 0 | J25: =+H25*I25 -> 0 | K25: =+E25+H25 -> 0 | L25: =IF(K25=0,,M25/K25) -> 0 | M25: =+J25+G25 -> 0 | O25: =+N25*L25 -> 0 | Q25: =+P25*L25 -> 0 | S25: =+R25*L25 -> 0 | T25: =+K25-N25-P25-R25 -> 0 | U25: =IF(T25=0,,V25/T25) -> 0 | V25: =+T25*L25 -> 0
A26: =+A25+1 -> 7 | D26: ='01'!D26 -> 0 | E26: =+'05'!T26 -> 0 | F26: =+'05'!U26 -> 0 | G26: =+'05'!V26 -> 0 | J26: =+H26*I26 -> 0 | K26: =+E26+H26 -> 0 | L26: =IF(K26=0,,M26/K26) -> 0 | M26: =+J26+G26 -> 0 | O26: =+N26*L26 -> 0 | Q26: =+P26*L26 -> 0 | S26: =+R26*L26 -> 0 | T26: =+K26-N26-P26-R26 -> 0 | U26: =IF(T26=0,,V26/T26) -> 0 | V26: =+T26*L26 -> 0
A27: =+A26+1 -> 8 | D27: ='01'!D27 -> 0 | E27: =+'05'!T27 -> 0 | F27: =+'05'!U27 -> 0 | G27: =+'05'!V27 -> 0 | J27: =+H27*I27 -> 0 | K27: =+E27+H27 -> 0 | L27: =IF(K27=0,,M27/K27) -> 0 | M27: =+J27+G27 -> 0 | O27: =+N27*L27 -> 0 | Q27: =+P27*L27 -> 0 | S27: =+R27*L27 -> 0 | T27: =+K27-N27-P27-R27 -> 0 | U27: =IF(T27=0,,V27/T27) -> 0 | V27: =+T27*L27 -> 0
A28: =+A27+1 -> 9 | D28: ='01'!D28 -> 0 | E28: =+'05'!T28 -> 0 | F28: =+'05'!U28 -> 0 | G28: =+'05'!V28 -> 0 | J28: =+H28*I28 -> 0 | K28: =+E28+H28 -> 0 | L28: =IF(K28=0,,M28/K28) -> 0 | M28: =+J28+G28 -> 0 | O28: =+N28*L28 -> 0 | Q28: =+P28*L28 -> 0 | S28: =+R28*L28 -> 0 | T28: =+K28-N28-P28-R28 -> 0 | U28: =IF(T28=0,,V28/T28) -> 0 | V28: =+T28*L28 -> 0
A29: =+A28+1 -> 10 | D29: ='01'!D29 -> 0 | E29: =+'05'!T29 -> 0 | F29: =+'05'!U29 -> 0 | G29: =+'05'!V29 -> 0 | J29: =+H29*I29 -> 0 | K29: =+E29+H29 -> 0 | L29: =IF(K29=0,,M29/K29) -> 0 | M29: =+J29+G29 -> 0 | O29: =+N29*L29 -> 0 | Q29: =+P29*L29 -> 0 | S29: =+R29*L29 -> 0 | T29: =+K29-N29-P29-R29 -> 0 | U29: =IF(T29=0,,V29/T29) -> 0 | V29: =+T29*L29 -> 0
A30: =+A29+1 -> 11 | D30: ='01'!D30 -> 0 | E30: =+'05'!T30 -> 0 | F30: =+'05'!U30 -> 0 | G30: =+'05'!V30 -> 0 | J30: =+H30*I30 -> 0 | K30: =+E30+H30 -> 0 | L30: =IF(K30=0,,M30/K30) -> 0 | M30: =+J30+G30 -> 0 | O30: =+N30*L30 -> 0 | Q30: =+P30*L30 -> 0 | S30: =+R30*L30 -> 0 | T30: =+K30-N30-P30-R30 -> 0 | U30: =IF(T30=0,,V30/T30) -> 0 | V30: =+T30*L30 -> 0
A31: =+A30+1 -> 12 | D31: ='01'!D31 -> 0 | E31: =+'05'!T31 -> 0 | F31: =+'05'!U31 -> 0 | G31: =+'05'!V31 -> 0 | J31: =+H31*I31 -> 0 | K31: =+E31+H31 -> 0 | L31: =IF(K31=0,,M31/K31) -> 0 | M31: =+J31+G31 -> 0 | O31: =+N31*L31 -> 0 | Q31: =+P31*L31 -> 0 | S31: =+R31*L31 -> 0 | T31: =+K31-N31-P31-R31 -> 0 | U31: =IF(T31=0,,V31/T31) -> 0 | V31: =+T31*L31 -> 0
A32: =+A31+1 -> 13 | D32: ='01'!D32 -> 0 | E32: =+'05'!T32 -> 0 | F32: =+'05'!U32 -> 0 | G32: =+'05'!V32 -> 0 | J32: =+H32*I32 -> 0 | K32: =+E32+H32 -> 0 | L32: =IF(K32=0,,M32/K32) -> 0 | M32: =+J32+G32 -> 0 | O32: =+N32*L32 -> 0 | Q32: =+P32*L32 -> 0 | S32: =+R32*L32 -> 0 | T32: =+K32-N32-P32-R32 -> 0 | U32: =IF(T32=0,,V32/T32) -> 0 | V32: =+T32*L32 -> 0
A33: =+A32+1 -> 14 | D33: ='01'!D33 -> 0 | E33: =+'05'!T33 -> 0 | F33: =+'05'!U33 -> 0 | G33: =+'05'!V33 -> 0 | J33: =+H33*I33 -> 0 | K33: =+E33+H33 -> 0 | L33: =IF(K33=0,,M33/K33) -> 0 | M33: =+J33+G33 -> 0 | O33: =+N33*L33 -> 0 | Q33: =+P33*L33 -> 0 | S33: =+R33*L33 -> 0 | T33: =+K33-N33-P33-R33 -> 0 | U33: =IF(T33=0,,V33/T33) -> 0 | V33: =+T33*L33 -> 0
A34: =+A33+1 -> 15 | D34: ='01'!D34 -> 0 | E34: =+'05'!T34 -> 0 | F34: =+'05'!U34 -> 0 | G34: =+'05'!V34 -> 0 | J34: =+H34*I34 -> 0 | K34: =+E34+H34 -> 0 | L34: =IF(K34=0,,M34/K34) -> 0 | M34: =+J34+G34 -> 0 | O34: =+N34*L34 -> 0 | Q34: =+P34*L34 -> 0 | S34: =+R34*L34 -> 0 | T34: =+K34-N34-P34-R34 -> 0 | U34: =IF(T34=0,,V34/T34) -> 0 | V34: =+T34*L34 -> 0
A35: =+A34+1 -> 16 | D35: ='01'!D35 -> 0 | E35: =+'05'!T35 -> 0 | F35: =+'05'!U35 -> 0 | G35: =+'05'!V35 -> 0 | J35: =+H35*I35 -> 0 | K35: =+E35+H35 -> 0 | L35: =IF(K35=0,,M35/K35) -> 0 | M35: =+J35+G35 -> 0 | O35: =+N35*L35 -> 0 | Q35: =+P35*L35 -> 0 | S35: =+R35*L35 -> 0 | T35: =+K35-N35-P35-R35 -> 0 | U35: =IF(T35=0,,V35/T35) -> 0 | V35: =+T35*L35 -> 0
A36: =+A35+1 -> 17 | D36: ='01'!D36 -> 0 | E36: =+'05'!T36 -> 0 | F36: =+'05'!U36 -> 0 | G36: =+'05'!V36 -> 0 | J36: =+H36*I36 -> 0 | K36: =+E36+H36 -> 0 | L36: =IF(K36=0,,M36/K36) -> 0 | M36: =+J36+G36 -> 0 | O36: =+N36*L36 -> 0 | Q36: =+P36*L36 -> 0 | S36: =+R36*L36 -> 0 | T36: =+K36-N36-P36-R36 -> 0 | U36: =IF(T36=0,,V36/T36) -> 0 | V36: =+T36*L36 -> 0
A37: =+A36+1 -> 18 | D37: ='01'!D37 -> 0 | E37: =+'05'!T37 -> 0 | F37: =+'05'!U37 -> 0 | G37: =+'05'!V37 -> 0 | J37: =+H37*I37 -> 0 | K37: =+E37+H37 -> 0 | L37: =IF(K37=0,,M37/K37) -> 0 | M37: =+J37+G37 -> 0 | O37: =+N37*L37 -> 0 | Q37: =+P37*L37 -> 0 | S37: =+R37*L37 -> 0 | T37: =+K37-N37-P37-R37 -> 0 | U37: =IF(T37=0,,V37/T37) -> 0 | V37: =+T37*L37 -> 0
B38: ='01'!B38 -> TOTAL BEER | C38: ='01'!C38 -> 0 | D38: ='01'!D38 -> 96 | E38: =+SUM(E20:E24) -> 60 | G38: =+SUM(G20:G37) -> 33.73 | H38: =+SUM(H20:H37) -> 0 | J38: =+SUM(J20:J37) -> 0 | K38: =+SUM(K20:K37) -> 60 | M38: =+SUM(M20:M37) -> 33.73 | N38: =+SUM(N20:N37) -> 0 | O38: =+SUM(O20:O37) -> 0 | P38: =+SUM(P20:P37) -> 0 | Q38: =+SUM(Q20:Q37) -> 0 | R38: =+SUM(R20:R37) -> 0 | S38: =+SUM(S20:S37) -> 0 | T38: =+SUM(T20:T37) -> 60 | V38: =+SUM(V20:V37) -> 33.73
B39: ='01'!B39 -> Grand TOTAL | C39: ='01'!C39 -> 0 | D39: ='01'!D39 -> 480 | E39: =+SUM(E7:E38)/2 -> 163 | G39: =+SUM(G7:G38)/2 -> 65.713333 | H39: =+SUM(H7:H38)/2 -> 0 | J39: =+SUM(J7:J38)/2 -> 0 | K39: =+SUM(K7:K38)/2 -> 163 | M39: =+SUM(M7:M38)/2 -> 65.713333 | N39: =+SUM(N7:N38)/2 -> 0 | O39: =+SUM(O7:O38)/2 -> 0 | P39: =+SUM(P7:P38)/2 -> 0 | Q39: =+SUM(Q7:Q38)/2 -> 0 | R39: =+SUM(R7:R38)/2 -> 2 | S39: =+SUM(S7:S38)/2 -> 0.51083333 | T39: =+SUM(T7:T38)/2 -> 161 | V39: =+SUM(V7:V38)/2 -> 65.2025
A41: Prepared By: | H41: Checked By | R41: Acknowledge By:
A47: …........./……....../…........... | H47: …........./……....../…........... | R47: …........./……....../…...........

Sheet 07
A2: Stock Inventory Report of JULY 2026
S4: Date | T4: =+'06'!T4+1 -> 45845 | W4: Sale Report
A5: Nº | B5: Item Name | D5: Par Stock | E5: Opening | H5: Request | K5: In Stock | N5: Lost /Spoil | O5: Transfer out | P5: Cost of FOC | Q5: Cost of Sale | R5: Consumption | S5: Cost of Sale | T5: Closing
B6: English | C6: Khmer | E6: ដើមគ្រា | H6: បើកចូល | K6: ទំនិញមានក្នុងស្តុក | N6: ខូច/បាត់ | O6: ផ្ទេរចេញ | P6: ថ្លៃដើមព្រី | Q6: ថ្លៃដើមលក់ | R6: ថ្លៃដើមលក់ | S6: ថ្លៃដើមលក់ | T6: ចុងគ្រា | W6: Daily | AA6: Monthly
B7: ='01'!B7 -> Soft Drink | C7: ភេសជ្ជៈ | E7: Qtt | F7: U.P | G7: Amount | H7: Qtt | I7: U.P | J7: Amount | K7: Qtt | L7: U.P | M7: Amount | N7: Qtt | O7: Amount | P7: Qtt | Q7: Amount | R7: Qtt | S7: Amount | T7: Qtt | U7: U.P | V7: Amount | Y7: Qty | Z7: Amount | AA7: Qty | AB7: Amount
A8: 1 | B8: ='01'!B8 -> Cocacola Classic 330ml (24cans) | C8: ='01'!C8 -> កូកា ក្លាស៊ិក (កំប៉ុង៣៣០មម) | D8: ='01'!D8 -> 48 | E8: =+'06'!T8 -> -3 | F8: =+'06'!U8 -> 0.3625 | G8: =+'06'!V8 -> -1.0875 | J8: =+H8*I8 -> 0 | K8: =+E8+H8 -> -3 | L8: =IF(K8=0,,M8/K8) -> 0.3625 | M8: =+J8+G8 -> -1.0875 | O8: =+N8*L8 -> 0 | Q8: =+P8*L8 -> 0 | R8: 4 | S8: =+R8*L8 -> 1.45 | T8: =+K8-N8-P8-R8 -> -7 | U8: =IF(T8=0,,V8/T8) -> 0.3625 | V8: =+T8*L8 -> -2.5375 | W8: =+$B$8 -> Cocacola Classic 330ml (24cans) | Y8: =+$R$8 -> 4 | Z8: =+Y8*1 -> 4 | AA8: =+Y8+'06'!AA8 -> 8 | AB8: =+Z8+'06'!AB8 -> 8
A9: =+A8+1 -> 2 | B9: ='01'!B9 -> Cocacola Zero 330ml (24cans) | C9: ='01'!C9 -> កូកា សេរ៉ូ (កំប៉ុង៣៣០មម) | D9: ='01'!D9 -> 48 | E9: =+'06'!T9 -> 18 | F9: =+'06'!U9 -> 0.3625 | G9: =+'06'!V9 -> 6.525 | J9: =+H9*I9 -> 0 | K9: =+E9+H9 -> 18 | L9: =IF(K9=0,,M9/K9) -> 0.3625 | M9: =+J9+G9 -> 6.525 | O9: =+N9*L9 -> 0 | Q9: =+P9*L9 -> 0 | S9: =+R9*L9 -> 0 | T9: =+K9-N9-P9-R9 -> 18 | U9: =IF(T9=0,,V9/T9) -> 0.3625 | V9: =+T9*L9 -> 6.525 | W9: =+$B$9 -> Cocacola Zero 330ml (24cans) | Y9: =+$R$9 -> 0 | Z9: =+Y9*1 -> 0 | AA9: =+Y9+'06'!AA9 -> 0 | AB9: =+Z9+'06'!AB9 -> 0
A10: =+A9+1 -> 3 | B10: ='01'!B10 -> Cocacola Light 330ml (24cans) | C10: ='01'!C10 -> កូកា ឡៃ (កំប៉ុង៣៣០មម) | D10: ='01'!D10 -> 48 | E10: =+'06'!T10 -> 10 | F10: =+'06'!U10 -> 0.3625 | G10: =+'06'!V10 -> 3.625 | J10: =+H10*I10 -> 0 | K10: =+E10+H10 -> 10 | L10: =IF(K10=0,,M10/K10) -> 0.3625 | M10: =+J10+G10 -> 3.625 | O10: =+N10*L10 -> 0 | Q10: =+P10*L10 -> 0 | S10: =+R10*L10 -> 0 | T10: =+K10-N10-P10-R10 -> 10 | U10: =IF(T10=0,,V10/T10) -> 0.3625 | V10: =+T10*L10 -> 3.625 | W10: =+$B$10 -> Cocacola Light 330ml (24cans) | Y10: =+$R$10 -> 0 | Z10: =+Y10*1 -> 0 | AA10: =+Y10+'06'!AA10 -> 1 | AB10: =+Z10+'06'!AB10 -> 1
A11: =+A10+1 -> 4 | B11: ='01'!B11 -> Sprite 330ml (24cans) | C11: ='01'!C11 -> ស្ព្រៃ (កំប៉ុង៣៣០មម) | D11: ='01'!D11 -> 48 | E11: =+'06'!T11 -> 2 | F11: =+'06'!U11 -> 0.3625 | G11: =+'06'!V11 -> 0.725 | J11: =+H11*I11 -> 0 | K11: =+E11+H11 -> 2 | L11: =IF(K11=0,,M11/K11) -> 0.3625 | M11: =+J11+G11 -> 0.725 | O11: =+N11*L11 -> 0 | Q11: =+P11*L11 -> 0 | R11: 2 | S11: =+R11*L11 -> 0.725 | T11: =+K11-N11-P11-R11 -> 0 | U11: =IF(T11=0,,V11/T11) -> 0 | V11: =+T11*L11 -> 0 | W11: =+$B$11 -> Sprite 330ml (24cans) | Y11: =+$R$11 -> 2 | Z11: =+Y11*1 -> 2 | AA11: =+Y11+'06'!AA11 -> 2 | AB11: =+Z11+'06'!AB11 -> 2
A12: =+A11+1 -> 5 | B12: ='01'!B12 -> Schweppes Soda Water 330ml (24cans) | C12: ='01'!C12 -> ទឹកសូដា (កំប៉ុង៣៣០មម) | D12: ='01'!D12 -> 48 | E12: =+'06'!T12 -> 13 | F12: =+'06'!U12 -> 0.3625 | G12: =+'06'!V12 -> 4.7125 | J12: =+H12*I12 -> 0 | K12: =+E12+H12 -> 13 | L12: =IF(K12=0,,M12/K12) -> 0.3625 | M12: =+J12+G12 -> 4.7125 | O12: =+N12*L12 -> 0 | Q12: =+P12*L12 -> 0 | S12: =+R12*L12 -> 0 | T12: =+K12-N12-P12-R12 -> 13 | U12: =IF(T12=0,,V12/T12) -> 0.3625 | V12: =+T12*L12 -> 4.7125 | W12: =+$B$12 -> Schweppes Soda Water 330ml (24cans) | Y12: =+$R$12 -> 0 | Z12: =+Y12*1 -> 0 | AA12: =+Y12+'06'!AA12 -> 1 | AB12: =+Z12+'06'!AB12 -> 1
A13: =+A12+1 -> 6 | B13: ='01'!B13 -> Schweppes Tonic Water 330ml (24cans) | C13: ='01'!C13 -> ទឹកតូនិច (កំប៉ុង៣៣០មម) | D13: ='01'!D13 -> 48 | E13: =+'06'!T13 -> 19 | F13: =+'06'!U13 -> 0.3625 | G13: =+'06'!V13 -> 6.8875 | J13: =+H13*I13 -> 0 | K13: =+E13+H13 -> 19 | L13: =IF(K13=0,,M13/K13) -> 0.3625 | M13: =+J13+G13 -> 6.8875 | O13: =+N13*L13 -> 0 | Q13: =+P13*L13 -> 0 | S13: =+R13*L13 -> 0 | T13: =+K13-N13-P13-R13 -> 19 | U13: =IF(T13=0,,V13/T13) -> 0.3625 | V13: =+T13*L13 -> 6.8875 | W13: =+$B$13 -> Schweppes Tonic Water 330ml (24cans) | Y13: =+$R$13 -> 0 | Z13: =+Y13*1 -> 0 | AA13: =+Y13+'06'!AA13 -> 0 | AB13: =+Z13+'06'!AB13 -> 0
A14: =+A13+1 -> 7 | B14: ='01'!B14 -> Schweppes Ginger Ale 330ml (24cans) | C14: ='01'!C14 -> ទឹក Ginger ale (កំប៉ុង៣៣០មម) | D14: ='01'!D14 -> 48 | E14: =+'06'!T14 -> 18 | F14: =+'06'!U14 -> 0.3625 | G14: =+'06'!V14 -> 6.525 | J14: =+H14*I14 -> 0 | K14: =+E14+H14 -> 18 | L14: =IF(K14=0,,M14/K14) -> 0.3625 | M14: =+J14+G14 -> 6.525 | O14: =+N14*L14 -> 0 | Q14: =+P14*L14 -> 0 | R14: 1 | S14: =+R14*L14 -> 0.3625 | T14: =+K14-N14-P14-R14 -> 17 | U14: =IF(T14=0,,V14/T14) -> 0.3625 | V14: =+T14*L14 -> 6.1625 | W14: =+$B$14 -> Schweppes Ginger Ale 330ml (24cans) | Y14: =+$R$14 -> 1 | Z14: =+Y14*1 -> 1 | AA14: =+Y14+'06'!AA14 -> 3 | AB14: =+Z14+'06'!AB14 -> 3
B15: ='01'!B15 -> TOTAL SOFT DRINK | C15: ='01'!C15 -> 0 | D15: ='01'!D15 -> 336 | E15: =+SUM(E8:E14) -> 77 | G15: =+SUM(G8:G14) -> 27.9125 | H15: =+SUM(H8:H14) -> 0 | J15: =+SUM(J8:J14) -> 0 | K15: =+SUM(K8:K14) -> 77 | M15: =+SUM(M8:M14) -> 27.9125 | N15: =+SUM(N8:N14) -> 0 | O15: =+SUM(O8:O14) -> 0 | P15: =+SUM(P8:P14) -> 0 | Q15: =+SUM(Q8:Q14) -> 0 | R15: =+SUM(R8:R14) -> 7 | S15: =+SUM(S8:S14) -> 2.5375 | T15: =+SUM(T8:T14) -> 70 | V15: =+SUM(V8:V14) -> 25.375 | W15: =+$B$17 -> Dasani 500ml (24 Btl) | Y15: =+$R$17 -> 2 | Z15: =+Y15*0.5 -> 1 | AA15: =+Y15+'06'!AA15 -> 12 | AB15: =+Z15+'06'!AB15 -> 6
B16: ='01'!B16 -> Water | C16: ='01'!C16 -> 0 | D16: ='01'!D16 -> 0 | W16: =+$B$20 -> TIGER BEER 330ml CAN | Y16: =+$R$20 -> 2 | Z16: =+Y16*1.25 -> 2.5 | AA16: =+Y16+'06'!AA16 -> 3 | AB16: =+Z16+'06'!AB16 -> 3.75
A17: =+A14+1 -> 8 | B17: ='01'!B17 -> Dasani 500ml (24 Btl) | C17: ='01'!C17 -> 0 | D17: ='01'!D17 -> 48 | E17: =+'06'!T17 -> 24 | F17: =+'06'!U17 -> 0.14833333 | G17: =+'06'!V17 -> 3.56 | J17: =+H17*I17 -> 0 | K17: =+E17+H17 -> 24 | L17: =IF(K17=0,,M17/K17) -> 0.14833333 | M17: =+J17+G17 -> 3.56 | O17: =+N17*L17 -> 0 | Q17: =+P17*L17 -> 0 | R17: 2 | S17: =+R17*L17 -> 0.29666667 | T17: =+K17-N17-P17-R17 -> 22 | U17: =IF(T17=0,,V17/T17) -> 0.14833333 | V17: =+T17*L17 -> 3.2633333 | W17: =+$B$21 -> Heineken 330ml CAN | Y17: =+$R$21 -> 3 | Z17: =+Y17*1.25 -> 3.75 | AA17: =+Y17+'06'!AA17 -> 3 | AB17: =+Z17+'06'!AB17 -> 3.75
B18: ='01'!B18 -> TOTAL Water | C18: ='01'!C18 -> 0 | D18: ='01'!D18 -> 48 | E18: =+E17 -> 24 | G18: =+G17 -> 3.56 | H18: =+H17 -> 0 | J18: =+J17 -> 0 | K18: =+K17 -> 24 | M18: =+M17 -> 3.56 | N18: =+N17 -> 0 | O18: =+O17 -> 0 | P18: =+P17 -> 0 | Q18: =+Q17 -> 0 | R18: =+R17 -> 2 | S18: =+S17 -> 0.29666667 | T18: =+T17 -> 22 | V18: =+V17 -> 3.2633333 | Y18: =+$R$22 -> 0 | Z18: =+Y18*1 -> 0 | AA18: =+Y18+'06'!AA18 -> 0 | AB18: =+Z18+'06'!AB18 -> 0
B19: ='01'!B19 -> Beer | C19: ='01'!C19 -> 0 | D19: ='01'!D19 -> 0 | Y19: =+$R$23 -> 0 | Z19: =+Y19*1 -> 0 | AA19: =+Y19+'06'!AA19 -> 0 | AB19: =+Z19+'06'!AB19 -> 0
A20: =+A19+1 -> 1 | B20: ='01'!B20 -> TIGER BEER 330ml CAN | C20: ='01'!C20 -> ស្រាបៀរថៃហ្គ័រ (កំប៉ុង ៣៣០មល) | D20: ='01'!D20 -> 48 | E20: =+'06'!T20 -> 31 | F20: =+'06'!U20 -> 0.48 | G20: =+'06'!V20 -> 14.88 | J20: =+H20*I20 -> 0 | K20: =+E20+H20 -> 31 | L20: =IF(K20=0,,M20/K20) -> 0.48 | M20: =+J20+G20 -> 14.88 | O20: =+N20*L20 -> 0 | Q20: =+P20*L20 -> 0 | R20: 2 | S20: =+R20*L20 -> 0.96 | T20: =+K20-N20-P20-R20 -> 29 | U20: =IF(T20=0,,V20/T20) -> 0.48 | V20: =+T20*L20 -> 13.92 | W20: TOTAL | Y20: =+SUM(Y8:Y19) -> 14 | Z20: =+SUM(Z8:Z19) -> 14.25 | AA20: =+SUM(AA8:AA19) -> 33 | AB20: =+SUM(AB8:AB19) -> 28.5
A21: =+A20+1 -> 2 | B21: ='01'!B21 -> Heineken 330ml CAN | C21: ='01'!C21 -> ស្រាបៀរហេន័រឃិន (កំប៉ុង ៣៣០មល) | D21: ='01'!D21 -> 48 | E21: =+'06'!T21 -> 29 | F21: =+'06'!U21 -> 0.65 | G21: =+'06'!V21 -> 18.85 | J21: =+H21*I21 -> 0 | K21: =+E21+H21 -> 29 | L21: =IF(K21=0,,M21/K21) -> 0.65 | M21: =+J21+G21 -> 18.85 | O21: =+N21*L21 -> 0 | Q21: =+P21*L21 -> 0 | R21: 3 | S21: =+R21*L21 -> 1.95 | T21: =+K21-N21-P21-R21 -> 26 | U21: =IF(T21=0,,V21/T21) -> 0.65 | V21: =+T21*L21 -> 16.9
A22: =+A21+1 -> 3 | B22: ='01'!B22 -> 0 | C22: ='01'!C22 -> 0 | D22: ='01'!D22 -> 0 | E22: =+'06'!T22 -> 0 | F22: =+'06'!U22 -> 0 | G22: =+'06'!V22 -> 0 | J22: =+H22*I22 -> 0 | K22: =+E22+H22 -> 0 | L22: =IF(K22=0,,M22/K22) -> 0 | M22: =+J22+G22 -> 0 | O22: =+N22*L22 -> 0 | Q22: =+P22*L22 -> 0 | S22: =+R22*L22 -> 0 | T22: =+K22-N22-P22-R22 -> 0 | U22: =IF(T22=0,,V22/T22) -> 0 | V22: =+T22*L22 -> 0
A23: =+A22+1 -> 4 | B23: ='01'!B23 -> 0 | C23: ='01'!C23 -> 0 | D23: ='01'!D23 -> 0 | E23: =+'06'!T23 -> 0 | F23: =+'06'!U23 -> 0 | G23: =+'06'!V23 -> 0 | J23: =+H23*I23 -> 0 | K23: =+E23+H23 -> 0 | L23: =IF(K23=0,,M23/K23) -> 0 | M23: =+J23+G23 -> 0 | O23: =+N23*L23 -> 0 | Q23: =+P23*L23 -> 0 | S23: =+R23*L23 -> 0 | T23: =+K23-N23-P23-R23 -> 0 | U23: =IF(T23=0,,V23/T23) -> 0 | V23: =+T23*L23 -> 0
A24: =+A23+1 -> 5 | B24: ='01'!B24 -> 0 | C24: ='01'!C24 -> 0 | D24: ='01'!D24 -> 0 | E24: =+'06'!T24 -> 0 | F24: =+'06'!U24 -> 0 | G24: =+'06'!V24 -> 0 | J24: =+H24*I24 -> 0 | K24: =+E24+H24 -> 0 | L24: =IF(K24=0,,M24/K24) -> 0 | M24: =+J24+G24 -> 0 | O24: =+N24*L24 -> 0 | Q24: =+P24*L24 -> 0 | S24: =+R24*L24 -> 0 | T24: =+K24-N24-P24-R24 -> 0 | U24: =IF(T24=0,,V24/T24) -> 0 | V24: =+T24*L24 -> 0
A25: =+A24+1 -> 6 | D25: ='01'!D25 -> 0 | E25: =+'06'!T25 -> 0 | F25: =+'06'!U25 -> 0 | G25: =+'06'!V25 -> 0 | J25: =+H25*I25 -> 0 | K25: =+E25+H25 -> 0 | L25: =IF(K25=0,,M25/K25) -> 0 | M25: =+J25+G25 -> 0 | O25: =+N25*L25 -> 0 | Q25: =+P25*L25 -> 0 | S25: =+R25*L25 -> 0 | T25: =+K25-N25-P25-R25 -> 0 | U25: =IF(T25=0,,V25/T25) -> 0 | V25: =+T25*L25 -> 0
A26: =+A25+1 -> 7 | D26: ='01'!D26 -> 0 | E26: =+'06'!T26 -> 0 | F26: =+'06'!U26 -> 0 | G26: =+'06'!V26 -> 0 | J26: =+H26*I26 -> 0 | K26: =+E26+H26 -> 0 | L26: =IF(K26=0,,M26/K26) -> 0 | M26: =+J26+G26 -> 0 | O26: =+N26*L26 -> 0 | Q26: =+P26*L26 -> 0 | S26: =+R26*L26 -> 0 | T26: =+K26-N26-P26-R26 -> 0 | U26: =IF(T26=0,,V26/T26) -> 0 | V26: =+T26*L26 -> 0
A27: =+A26+1 -> 8 | D27: ='01'!D27 -> 0 | E27: =+'06'!T27 -> 0 | F27: =+'06'!U27 -> 0 | G27: =+'06'!V27 -> 0 | J27: =+H27*I27 -> 0 | K27: =+E27+H27 -> 0 | L27: =IF(K27=0,,M27/K27) -> 0 | M27: =+J27+G27 -> 0 | O27: =+N27*L27 -> 0 | Q27: =+P27*L27 -> 0 | S27: =+R27*L27 -> 0 | T27: =+K27-N27-P27-R27 -> 0 | U27: =IF(T27=0,,V27/T27) -> 0 | V27: =+T27*L27 -> 0
A28: =+A27+1 -> 9 | D28: ='01'!D28 -> 0 | E28: =+'06'!T28 -> 0 | F28: =+'06'!U28 -> 0 | G28: =+'06'!V28 -> 0 | J28: =+H28*I28 -> 0 | K28: =+E28+H28 -> 0 | L28: =IF(K28=0,,M28/K28) -> 0 | M28: =+J28+G28 -> 0 | O28: =+N28*L28 -> 0 | Q28: =+P28*L28 -> 0 | S28: =+R28*L28 -> 0 | T28: =+K28-N28-P28-R28 -> 0 | U28: =IF(T28=0,,V28/T28) -> 0 | V28: =+T28*L28 -> 0
A29: =+A28+1 -> 10 | D29: ='01'!D29 -> 0 | E29: =+'06'!T29 -> 0 | F29: =+'06'!U29 -> 0 | G29: =+'06'!V29 -> 0 | J29: =+H29*I29 -> 0 | K29: =+E29+H29 -> 0 | L29: =IF(K29=0,,M29/K29) -> 0 | M29: =+J29+G29 -> 0 | O29: =+N29*L29 -> 0 | Q29: =+P29*L29 -> 0 | S29: =+R29*L29 -> 0 | T29: =+K29-N29-P29-R29 -> 0 | U29: =IF(T29=0,,V29/T29) -> 0 | V29: =+T29*L29 -> 0
A30: =+A29+1 -> 11 | D30: ='01'!D30 -> 0 | E30: =+'06'!T30 -> 0 | F30: =+'06'!U30 -> 0 | G30: =+'06'!V30 -> 0 | J30: =+H30*I30 -> 0 | K30: =+E30+H30 -> 0 | L30: =IF(K30=0,,M30/K30) -> 0 | M30: =+J30+G30 -> 0 | O30: =+N30*L30 -> 0 | Q30: =+P30*L30 -> 0 | S30: =+R30*L30 -> 0 | T30: =+K30-N30-P30-R30 -> 0 | U30: =IF(T30=0,,V30/T30) -> 0 | V30: =+T30*L30 -> 0
A31: =+A30+1 -> 12 | D31: ='01'!D31 -> 0 | E31: =+'06'!T31 -> 0 | F31: =+'06'!U31 -> 0 | G31: =+'06'!V31 -> 0 | J31: =+H31*I31 -> 0 | K31: =+E31+H31 -> 0 | L31: =IF(K31=0,,M31/K31) -> 0 | M31: =+J31+G31 -> 0 | O31: =+N31*L31 -> 0 | Q31: =+P31*L31 -> 0 | S31: =+R31*L31 -> 0 | T31: =+K31-N31-P31-R31 -> 0 | U31: =IF(T31=0,,V31/T31) -> 0 | V31: =+T31*L31 -> 0
A32: =+A31+1 -> 13 | D32: ='01'!D32 -> 0 | E32: =+'06'!T32 -> 0 | F32: =+'06'!U32 -> 0 | G32: =+'06'!V32 -> 0 | J32: =+H32*I32 -> 0 | K32: =+E32+H32 -> 0 | L32: =IF(K32=0,,M32/K32) -> 0 | M32: =+J32+G32 -> 0 | O32: =+N32*L32 -> 0 | Q32: =+P32*L32 -> 0 | S32: =+R32*L32 -> 0 | T32: =+K32-N32-P32-R32 -> 0 | U32: =IF(T32=0,,V32/T32) -> 0 | V32: =+T32*L32 -> 0
A33: =+A32+1 -> 14 | D33: ='01'!D33 -> 0 | E33: =+'06'!T33 -> 0 | F33: =+'06'!U33 -> 0 | G33: =+'06'!V33 -> 0 | J33: =+H33*I33 -> 0 | K33: =+E33+H33 -> 0 | L33: =IF(K33=0,,M33/K33) -> 0 | M33: =+J33+G33 -> 0 | O33: =+N33*L33 -> 0 | Q33: =+P33*L33 -> 0 | S33: =+R33*L33 -> 0 | T33: =+K33-N33-P33-R33 -> 0 | U33: =IF(T33=0,,V33/T33) -> 0 | V33: =+T33*L33 -> 0
A34: =+A33+1 -> 15 | D34: ='01'!D34 -> 0 | E34: =+'06'!T34 -> 0 | F34: =+'06'!U34 -> 0 | G34: =+'06'!V34 -> 0 | J34: =+H34*I34 -> 0 | K34: =+E34+H34 -> 0 | L34: =IF(K34=0,,M34/K34) -> 0 | M34: =+J34+G34 -> 0 | O34: =+N34*L34 -> 0 | Q34: =+P34*L34 -> 0 | S34: =+R34*L34 -> 0 | T34: =+K34-N34-P34-R34 -> 0 | U34: =IF(T34=0,,V34/T34) -> 0 | V34: =+T34*L34 -> 0
A35: =+A34+1 -> 16 | D35: ='01'!D35 -> 0 | E35: =+'06'!T35 -> 0 | F35: =+'06'!U35 -> 0 | G35: =+'06'!V35 -> 0 | J35: =+H35*I35 -> 0 | K35: =+E35+H35 -> 0 | L35: =IF(K35=0,,M35/K35) -> 0 | M35: =+J35+G35 -> 0 | O35: =+N35*L35 -> 0 | Q35: =+P35*L35 -> 0 | S35: =+R35*L35 -> 0 | T35: =+K35-N35-P35-R35 -> 0 | U35: =IF(T35=0,,V35/T35) -> 0 | V35: =+T35*L35 -> 0
A36: =+A35+1 -> 17 | D36: ='01'!D36 -> 0 | E36: =+'06'!T36 -> 0 | F36: =+'06'!U36 -> 0 | G36: =+'06'!V36 -> 0 | J36: =+H36*I36 -> 0 | K36: =+E36+H36 -> 0 | L36: =IF(K36=0,,M36/K36) -> 0 | M36: =+J36+G36 -> 0 | O36: =+N36*L36 -> 0 | Q36: =+P36*L36 -> 0 | S36: =+R36*L36 -> 0 | T36: =+K36-N36-P36-R36 -> 0 | U36: =IF(T36=0,,V36/T36) -> 0 | V36: =+T36*L36 -> 0
A37: =+A36+1 -> 18 | D37: ='01'!D37 -> 0 | E37: =+'06'!T37 -> 0 | F37: =+'06'!U37 -> 0 | G37: =+'06'!V37 -> 0 | J37: =+H37*I37 -> 0 | K37: =+E37+H37 -> 0 | L37: =IF(K37=0,,M37/K37) -> 0 | M37: =+J37+G37 -> 0 | O37: =+N37*L37 -> 0 | Q37: =+P37*L37 -> 0 | S37: =+R37*L37 -> 0 | T37: =+K37-N37-P37-R37 -> 0 | U37: =IF(T37=0,,V37/T37) -> 0 | V37: =+T37*L37 -> 0
B38: ='01'!B38 -> TOTAL BEER | C38: ='01'!C38 -> 0 | D38: ='01'!D38 -> 96 | E38: =+SUM(E20:E24) -> 60 | G38: =+SUM(G20:G37) -> 33.73 | H38: =+SUM(H20:H37) -> 0 | J38: =+SUM(J20:J37) -> 0 | K38: =+SUM(K20:K37) -> 60 | M38: =+SUM(M20:M37) -> 33.73 | N38: =+SUM(N20:N37) -> 0 | O38: =+SUM(O20:O37) -> 0 | P38: =+SUM(P20:P37) -> 0 | Q38: =+SUM(Q20:Q37) -> 0 | R38: =+SUM(R20:R37) -> 5 | S38: =+SUM(S20:S37) -> 2.91 | T38: =+SUM(T20:T37) -> 55 | V38: =+SUM(V20:V37) -> 30.82
B39: ='01'!B39 -> Grand TOTAL | C39: ='01'!C39 -> 0 | D39: ='01'!D39 -> 480 | E39: =+SUM(E7:E38)/2 -> 161 | G39: =+SUM(G7:G38)/2 -> 65.2025 | H39: =+SUM(H7:H38)/2 -> 0 | J39: =+SUM(J7:J38)/2 -> 0 | K39: =+SUM(K7:K38)/2 -> 161 | M39: =+SUM(M7:M38)/2 -> 65.2025 | N39: =+SUM(N7:N38)/2 -> 0 | O39: =+SUM(O7:O38)/2 -> 0 | P39: =+SUM(P7:P38)/2 -> 0 | Q39: =+SUM(Q7:Q38)/2 -> 0 | R39: =+SUM(R7:R38)/2 -> 14 | S39: =+SUM(S7:S38)/2 -> 5.7441667 | T39: =+SUM(T7:T38)/2 -> 147 | V39: =+SUM(V7:V38)/2 -> 59.458333
A41: Prepared By: | H41: Checked By | R41: Acknowledge By:
A47: …........./……....../…........... | H47: …........./……....../…........... | R47: …........./……....../…...........

Sheet 08
A2: Stock Inventory Report of JULY 2026
S4: Date | T4: =+'07'!T4+1 -> 45846 | W4: Sale Report
A5: Nº | B5: Item Name | D5: Par Stock | E5: Opening | H5: Request | K5: In Stock | N5: Lost /Spoil | O5: Transfer out | P5: Cost of FOC | Q5: Cost of Sale | R5: Consumption | S5: Cost of Sale | T5: Closing
B6: English | C6: Khmer | E6: ដើមគ្រា | H6: បើកចូល | K6: ទំនិញមានក្នុងស្តុក | N6: ខូច/បាត់ | O6: ផ្ទេរចេញ | P6: ថ្លៃដើមព្រី | Q6: ថ្លៃដើមលក់ | R6: ថ្លៃដើមលក់ | S6: ថ្លៃដើមលក់ | T6: ចុងគ្រា | W6: Daily | AA6: Monthly
B7: ='01'!B7 -> Soft Drink | C7: ភេសជ្ជៈ | E7: Qtt | F7: U.P | G7: Amount | H7: Qtt | I7: U.P | J7: Amount | K7: Qtt | L7: U.P | M7: Amount | N7: Qtt | O7: Amount | P7: Qtt | Q7: Amount | R7: Qtt | S7: Amount | T7: Qtt | U7: U.P | V7: Amount | Y7: Qty | Z7: Amount | AA7: Qty | AB7: Amount
A8: 1 | B8: ='01'!B8 -> Cocacola Classic 330ml (24cans) | C8: ='01'!C8 -> កូកា ក្លាស៊ិក (កំប៉ុង៣៣០មម) | D8: ='01'!D8 -> 48 | E8: =+'07'!T8 -> -7 | F8: =+'07'!U8 -> 0.3625 | G8: =+'07'!V8 -> -2.5375 | J8: =+H8*I8 -> 0 | K8: =+E8+H8 -> -7 | L8: =IF(K8=0,,M8/K8) -> 0.3625 | M8: =+J8+G8 -> -2.5375 | O8: =+N8*L8 -> 0 | Q8: =+P8*L8 -> 0 | R8: 5 | S8: =+R8*L8 -> 1.8125 | T8: =+K8-N8-P8-R8 -> -12 | U8: =IF(T8=0,,V8/T8) -> 0.3625 | V8: =+T8*L8 -> -4.35 | W8: =+$B$8 -> Cocacola Classic 330ml (24cans) | Y8: =+$R$8 -> 5 | Z8: =+Y8*1 -> 5 | AA8: =+Y8+'07'!AA8 -> 13 | AB8: =+Z8+'07'!AB8 -> 13
A9: =+A8+1 -> 2 | B9: ='01'!B9 -> Cocacola Zero 330ml (24cans) | C9: ='01'!C9 -> កូកា សេរ៉ូ (កំប៉ុង៣៣០មម) | D9: ='01'!D9 -> 48 | E9: =+'07'!T9 -> 18 | F9: =+'07'!U9 -> 0.3625 | G9: =+'07'!V9 -> 6.525 | J9: =+H9*I9 -> 0 | K9: =+E9+H9 -> 18 | L9: =IF(K9=0,,M9/K9) -> 0.3625 | M9: =+J9+G9 -> 6.525 | O9: =+N9*L9 -> 0 | Q9: =+P9*L9 -> 0 | S9: =+R9*L9 -> 0 | T9: =+K9-N9-P9-R9 -> 18 | U9: =IF(T9=0,,V9/T9) -> 0.3625 | V9: =+T9*L9 -> 6.525 | W9: =+$B$9 -> Cocacola Zero 330ml (24cans) | Y9: =+$R$9 -> 0 | Z9: =+Y9*1 -> 0 | AA9: =+Y9+'07'!AA9 -> 0 | AB9: =+Z9+'07'!AB9 -> 0
A10: =+A9+1 -> 3 | B10: ='01'!B10 -> Cocacola Light 330ml (24cans) | C10: ='01'!C10 -> កូកា ឡៃ (កំប៉ុង៣៣០មម) | D10: ='01'!D10 -> 48 | E10: =+'07'!T10 -> 10 | F10: =+'07'!U10 -> 0.3625 | G10: =+'07'!V10 -> 3.625 | J10: =+H10*I10 -> 0 | K10: =+E10+H10 -> 10 | L10: =IF(K10=0,,M10/K10) -> 0.3625 | M10: =+J10+G10 -> 3.625 | O10: =+N10*L10 -> 0 | Q10: =+P10*L10 -> 0 | R10: 2 | S10: =+R10*L10 -> 0.725 | T10: =+K10-N10-P10-R10 -> 8 | U10: =IF(T10=0,,V10/T10) -> 0.3625 | V10: =+T10*L10 -> 2.9 | W10: =+$B$10 -> Cocacola Light 330ml (24cans) | Y10: =+$R$10 -> 2 | Z10: =+Y10*1 -> 2 | AA10: =+Y10+'07'!AA10 -> 3 | AB10: =+Z10+'07'!AB10 -> 3
A11: =+A10+1 -> 4 | B11: ='01'!B11 -> Sprite 330ml (24cans) | C11: ='01'!C11 -> ស្ព្រៃ (កំប៉ុង៣៣០មម) | D11: ='01'!D11 -> 48 | E11: =+'07'!T11 -> 0 | F11: =+'07'!U11 -> 0 | G11: =+'07'!V11 -> 0 | J11: =+H11*I11 -> 0 | K11: =+E11+H11 -> 0 | L11: =IF(K11=0,,M11/K11) -> 0 | M11: =+J11+G11 -> 0 | O11: =+N11*L11 -> 0 | Q11: =+P11*L11 -> 0 | S11: =+R11*L11 -> 0 | T11: =+K11-N11-P11-R11 -> 0 | U11: =IF(T11=0,,V11/T11) -> 0 | V11: =+T11*L11 -> 0 | W11: =+$B$11 -> Sprite 330ml (24cans) | Y11: =+$R$11 -> 0 | Z11: =+Y11*1 -> 0 | AA11: =+Y11+'07'!AA11 -> 2 | AB11: =+Z11+'07'!AB11 -> 2
A12: =+A11+1 -> 5 | B12: ='01'!B12 -> Schweppes Soda Water 330ml (24cans) | C12: ='01'!C12 -> ទឹកសូដា (កំប៉ុង៣៣០មម) | D12: ='01'!D12 -> 48 | E12: =+'07'!T12 -> 13 | F12: =+'07'!U12 -> 0.3625 | G12: =+'07'!V12 -> 4.7125 | J12: =+H12*I12 -> 0 | K12: =+E12+H12 -> 13 | L12: =IF(K12=0,,M12/K12) -> 0.3625 | M12: =+J12+G12 -> 4.7125 | O12: =+N12*L12 -> 0 | Q12: =+P12*L12 -> 0 | S12: =+R12*L12 -> 0 | T12: =+K12-N12-P12-R12 -> 13 | U12: =IF(T12=0,,V12/T12) -> 0.3625 | V12: =+T12*L12 -> 4.7125 | W12: =+$B$12 -> Schweppes Soda Water 330ml (24cans) | Y12: =+$R$12 -> 0 | Z12: =+Y12*1 -> 0 | AA12: =+Y12+'07'!AA12 -> 1 | AB12: =+Z12+'07'!AB12 -> 1
A13: =+A12+1 -> 6 | B13: ='01'!B13 -> Schweppes Tonic Water 330ml (24cans) | C13: ='01'!C13 -> ទឹកតូនិច (កំប៉ុង៣៣០មម) | D13: ='01'!D13 -> 48 | E13: =+'07'!T13 -> 19 | F13: =+'07'!U13 -> 0.3625 | G13: =+'07'!V13 -> 6.8875 | J13: =+H13*I13 -> 0 | K13: =+E13+H13 -> 19 | L13: =IF(K13=0,,M13/K13) -> 0.3625 | M13: =+J13+G13 -> 6.8875 | O13: =+N13*L13 -> 0 | Q13: =+P13*L13 -> 0 | S13: =+R13*L13 -> 0 | T13: =+K13-N13-P13-R13 -> 19 | U13: =IF(T13=0,,V13/T13) -> 0.3625 | V13: =+T13*L13 -> 6.8875 | W13: =+$B$13 -> Schweppes Tonic Water 330ml (24cans) | Y13: =+$R$13 -> 0 | Z13: =+Y13*1 -> 0 | AA13: =+Y13+'07'!AA13 -> 0 | AB13: =+Z13+'07'!AB13 -> 0
A14: =+A13+1 -> 7 | B14: ='01'!B14 -> Schweppes Ginger Ale 330ml (24cans) | C14: ='01'!C14 -> ទឹក Ginger ale (កំប៉ុង៣៣០មម) | D14: ='01'!D14 -> 48 | E14: =+'07'!T14 -> 17 | F14: =+'07'!U14 -> 0.3625 | G14: =+'07'!V14 -> 6.1625 | J14: =+H14*I14 -> 0 | K14: =+E14+H14 -> 17 | L14: =IF(K14=0,,M14/K14) -> 0.3625 | M14: =+J14+G14 -> 6.1625 | O14: =+N14*L14 -> 0 | Q14: =+P14*L14 -> 0 | R14: 1 | S14: =+R14*L14 -> 0.3625 | T14: =+K14-N14-P14-R14 -> 16 | U14: =IF(T14=0,,V14/T14) -> 0.3625 | V14: =+T14*L14 -> 5.8 | W14: =+$B$14 -> Schweppes Ginger Ale 330ml (24cans) | Y14: =+$R$14 -> 1 | Z14: =+Y14*1 -> 1 | AA14: =+Y14+'07'!AA14 -> 4 | AB14: =+Z14+'07'!AB14 -> 4
B15: ='01'!B15 -> TOTAL SOFT DRINK | C15: ='01'!C15 -> 0 | D15: ='01'!D15 -> 336 | E15: =+SUM(E8:E14) -> 70 | G15: =+SUM(G8:G14) -> 25.375 | H15: =+SUM(H8:H14) -> 0 | J15: =+SUM(J8:J14) -> 0 | K15: =+SUM(K8:K14) -> 70 | M15: =+SUM(M8:M14) -> 25.375 | N15: =+SUM(N8:N14) -> 0 | O15: =+SUM(O8:O14) -> 0 | P15: =+SUM(P8:P14) -> 0 | Q15: =+SUM(Q8:Q14) -> 0 | R15: =+SUM(R8:R14) -> 8 | S15: =+SUM(S8:S14) -> 2.9 | T15: =+SUM(T8:T14) -> 62 | V15: =+SUM(V8:V14) -> 22.475 | W15: =+$B$17 -> Dasani 500ml (24 Btl) | Y15: =+$R$17 -> 4 | Z15: =+Y15*0.5 -> 2 | AA15: =+Y15+'07'!AA15 -> 16 | AB15: =+Z15+'07'!AB15 -> 8
B16: ='01'!B16 -> Water | C16: ='01'!C16 -> 0 | D16: ='01'!D16 -> 0 | W16: =+$B$20 -> TIGER BEER 330ml CAN | Y16: =+$R$20 -> 2 | Z16: =+Y16*1.25 -> 2.5 | AA16: =+Y16+'07'!AA16 -> 5 | AB16: =+Z16+'07'!AB16 -> 6.25
A17: =+A14+1 -> 8 | B17: ='01'!B17 -> Dasani 500ml (24 Btl) | C17: ='01'!C17 -> 0 | D17: ='01'!D17 -> 48 | E17: =+'07'!T17 -> 22 | F17: =+'07'!U17 -> 0.14833333 | G17: =+'07'!V17 -> 3.2633333 | J17: =+H17*I17 -> 0 | K17: =+E17+H17 -> 22 | L17: =IF(K17=0,,M17/K17) -> 0.14833333 | M17: =+J17+G17 -> 3.2633333 | O17: =+N17*L17 -> 0 | Q17: =+P17*L17 -> 0 | R17: 4 | S17: =+R17*L17 -> 0.59333333 | T17: =+K17-N17-P17-R17 -> 18 | U17: =IF(T17=0,,V17/T17) -> 0.14833333 | V17: =+T17*L17 -> 2.67 | W17: =+$B$21 -> Heineken 330ml CAN | Y17: =+$R$21 -> 3 | Z17: =+Y17*1.25 -> 3.75 | AA17: =+Y17+'07'!AA17 -> 6 | AB17: =+Z17+'07'!AB17 -> 7.5
B18: ='01'!B18 -> TOTAL Water | C18: ='01'!C18 -> 0 | D18: ='01'!D18 -> 48 | E18: =+E17 -> 22 | G18: =+G17 -> 3.2633333 | H18: =+H17 -> 0 | J18: =+J17 -> 0 | K18: =+K17 -> 22 | M18: =+M17 -> 3.2633333 | N18: =+N17 -> 0 | O18: =+O17 -> 0 | P18: =+P17 -> 0 | Q18: =+Q17 -> 0 | R18: =+R17 -> 4 | S18: =+S17 -> 0.59333333 | T18: =+T17 -> 18 | V18: =+V17 -> 2.67 | Y18: =+$R$22 -> 0 | Z18: =+Y18*1 -> 0 | AA18: =+Y18+'07'!AA18 -> 0 | AB18: =+Z18+'07'!AB18 -> 0
B19: ='01'!B19 -> Beer | C19: ='01'!C19 -> 0 | D19: ='01'!D19 -> 0 | Y19: =+$R$23 -> 0 | Z19: =+Y19*1 -> 0 | AA19: =+Y19+'07'!AA19 -> 0 | AB19: =+Z19+'07'!AB19 -> 0
A20: =+A19+1 -> 1 | B20: ='01'!B20 -> TIGER BEER 330ml CAN | C20: ='01'!C20 -> ស្រាបៀរថៃហ្គ័រ (កំប៉ុង ៣៣០មល) | D20: ='01'!D20 -> 48 | E20: =+'07'!T20 -> 29 | F20: =+'07'!U20 -> 0.48 | G20: =+'07'!V20 -> 13.92 | J20: =+H20*I20 -> 0 | K20: =+E20+H20 -> 29 | L20: =IF(K20=0,,M20/K20) -> 0.48 | M20: =+J20+G20 -> 13.92 | O20: =+N20*L20 -> 0 | Q20: =+P20*L20 -> 0 | R20: 2 | S20: =+R20*L20 -> 0.96 | T20: =+K20-N20-P20-R20 -> 27 | U20: =IF(T20=0,,V20/T20) -> 0.48 | V20: =+T20*L20 -> 12.96 | W20: TOTAL | Y20: =+SUM(Y8:Y19) -> 17 | Z20: =+SUM(Z8:Z19) -> 16.25 | AA20: =+SUM(AA8:AA19) -> 50 | AB20: =+SUM(AB8:AB19) -> 44.75
A21: =+A20+1 -> 2 | B21: ='01'!B21 -> Heineken 330ml CAN | C21: ='01'!C21 -> ស្រាបៀរហេន័រឃិន (កំប៉ុង ៣៣០មល) | D21: ='01'!D21 -> 48 | E21: =+'07'!T21 -> 26 | F21: =+'07'!U21 -> 0.65 | G21: =+'07'!V21 -> 16.9 | J21: =+H21*I21 -> 0 | K21: =+E21+H21 -> 26 | L21: =IF(K21=0,,M21/K21) -> 0.65 | M21: =+J21+G21 -> 16.9 | O21: =+N21*L21 -> 0 | Q21: =+P21*L21 -> 0 | R21: 3 | S21: =+R21*L21 -> 1.95 | T21: =+K21-N21-P21-R21 -> 23 | U21: =IF(T21=0,,V21/T21) -> 0.65 | V21: =+T21*L21 -> 14.95
A22: =+A21+1 -> 3 | B22: ='01'!B22 -> 0 | C22: ='01'!C22 -> 0 | D22: ='01'!D22 -> 0 | E22: =+'07'!T22 -> 0 | F22: =+'07'!U22 -> 0 | G22: =+'07'!V22 -> 0 | J22: =+H22*I22 -> 0 | K22: =+E22+H22 -> 0 | L22: =IF(K22=0,,M22/K22) -> 0 | M22: =+J22+G22 -> 0 | O22: =+N22*L22 -> 0 | Q22: =+P22*L22 -> 0 | S22: =+R22*L22 -> 0 | T22: =+K22-N22-P22-R22 -> 0 | U22: =IF(T22=0,,V22/T22) -> 0 | V22: =+T22*L22 -> 0
A23: =+A22+1 -> 4 | B23: ='01'!B23 -> 0 | C23: ='01'!C23 -> 0 | D23: ='01'!D23 -> 0 | E23: =+'07'!T23 -> 0 | F23: =+'07'!U23 -> 0 | G23: =+'07'!V23 -> 0 | J23: =+H23*I23 -> 0 | K23: =+E23+H23 -> 0 | L23: =IF(K23=0,,M23/K23) -> 0 | M23: =+J23+G23 -> 0 | O23: =+N23*L23 -> 0 | Q23: =+P23*L23 -> 0 | S23: =+R23*L23 -> 0 | T23: =+K23-N23-P23-R23 -> 0 | U23: =IF(T23=0,,V23/T23) -> 0 | V23: =+T23*L23 -> 0
A24: =+A23+1 -> 5 | B24: ='01'!B24 -> 0 | C24: ='01'!C24 -> 0 | D24: ='01'!D24 -> 0 | E24: =+'07'!T24 -> 0 | F24: =+'07'!U24 -> 0 | G24: =+'07'!V24 -> 0 | J24: =+H24*I24 -> 0 | K24: =+E24+H24 -> 0 | L24: =IF(K24=0,,M24/K24) -> 0 | M24: =+J24+G24 -> 0 | O24: =+N24*L24 -> 0 | Q24: =+P24*L24 -> 0 | S24: =+R24*L24 -> 0 | T24: =+K24-N24-P24-R24 -> 0 | U24: =IF(T24=0,,V24/T24) -> 0 | V24: =+T24*L24 -> 0
A25: =+A24+1 -> 6 | D25: ='01'!D25 -> 0 | E25: =+'07'!T25 -> 0 | F25: =+'07'!U25 -> 0 | G25: =+'07'!V25 -> 0 | J25: =+H25*I25 -> 0 | K25: =+E25+H25 -> 0 | L25: =IF(K25=0,,M25/K25) -> 0 | M25: =+J25+G25 -> 0 | O25: =+N25*L25 -> 0 | Q25: =+P25*L25 -> 0 | S25: =+R25*L25 -> 0 | T25: =+K25-N25-P25-R25 -> 0 | U25: =IF(T25=0,,V25/T25) -> 0 | V25: =+T25*L25 -> 0
A26: =+A25+1 -> 7 | D26: ='01'!D26 -> 0 | E26: =+'07'!T26 -> 0 | F26: =+'07'!U26 -> 0 | G26: =+'07'!V26 -> 0 | J26: =+H26*I26 -> 0 | K26: =+E26+H26 -> 0 | L26: =IF(K26=0,,M26/K26) -> 0 | M26: =+J26+G26 -> 0 | O26: =+N26*L26 -> 0 | Q26: =+P26*L26 -> 0 | S26: =+R26*L26 -> 0 | T26: =+K26-N26-P26-R26 -> 0 | U26: =IF(T26=0,,V26/T26) -> 0 | V26: =+T26*L26 -> 0
A27: =+A26+1 -> 8 | D27: ='01'!D27 -> 0 | E27: =+'07'!T27 -> 0 | F27: =+'07'!U27 -> 0 | G27: =+'07'!V27 -> 0 | J27: =+H27*I27 -> 0 | K27: =+E27+H27 -> 0 | L27: =IF(K27=0,,M27/K27) -> 0 | M27: =+J27+G27 -> 0 | O27: =+N27*L27 -> 0 | Q27: =+P27*L27 -> 0 | S27: =+R27*L27 -> 0 | T27: =+K27-N27-P27-R27 -> 0 | U27: =IF(T27=0,,V27/T27) -> 0 | V27: =+T27*L27 -> 0
A28: =+A27+1 -> 9 | D28: ='01'!D28 -> 0 | E28: =+'07'!T28 -> 0 | F28: =+'07'!U28 -> 0 | G28: =+'07'!V28 -> 0 | J28: =+H28*I28 -> 0 | K28: =+E28+H28 -> 0 | L28: =IF(K28=0,,M28/K28) -> 0 | M28: =+J28+G28 -> 0 | O28: =+N28*L28 -> 0 | Q28: =+P28*L28 -> 0 | S28: =+R28*L28 -> 0 | T28: =+K28-N28-P28-R28 -> 0 | U28: =IF(T28=0,,V28/T28) -> 0 | V28: =+T28*L28 -> 0
A29: =+A28+1 -> 10 | D29: ='01'!D29 -> 0 | E29: =+'07'!T29 -> 0 | F29: =+'07'!U29 -> 0 | G29: =+'07'!V29 -> 0 | J29: =+H29*I29 -> 0 | K29: =+E29+H29 -> 0 | L29: =IF(K29=0,,M29/K29) -> 0 | M29: =+J29+G29 -> 0 | O29: =+N29*L29 -> 0 | Q29: =+P29*L29 -> 0 | S29: =+R29*L29 -> 0 | T29: =+K29-N29-P29-R29 -> 0 | U29: =IF(T29=0,,V29/T29) -> 0 | V29: =+T29*L29 -> 0
A30: =+A29+1 -> 11 | D30: ='01'!D30 -> 0 | E30: =+'07'!T30 -> 0 | F30: =+'07'!U30 -> 0 | G30: =+'07'!V30 -> 0 | J30: =+H30*I30 -> 0 | K30: =+E30+H30 -> 0 | L30: =IF(K30=0,,M30/K30) -> 0 | M30: =+J30+G30 -> 0 | O30: =+N30*L30 -> 0 | Q30: =+P30*L30 -> 0 | S30: =+R30*L30 -> 0 | T30: =+K30-N30-P30-R30 -> 0 | U30: =IF(T30=0,,V30/T30) -> 0 | V30: =+T30*L30 -> 0
A31: =+A30+1 -> 12 | D31: ='01'!D31 -> 0 | E31: =+'07'!T31 -> 0 | F31: =+'07'!U31 -> 0 | G31: =+'07'!V31 -> 0 | J31: =+H31*I31 -> 0 | K31: =+E31+H31 -> 0 | L31: =IF(K31=0,,M31/K31) -> 0 | M31: =+J31+G31 -> 0 | O31: =+N31*L31 -> 0 | Q31: =+P31*L31 -> 0 | S31: =+R31*L31 -> 0 | T31: =+K31-N31-P31-R31 -> 0 | U31: =IF(T31=0,,V31/T31) -> 0 | V31: =+T31*L31 -> 0
A32: =+A31+1 -> 13 | D32: ='01'!D32 -> 0 | E32: =+'07'!T32 -> 0 | F32: =+'07'!U32 -> 0 | G32: =+'07'!V32 -> 0 | J32: =+H32*I32 -> 0 | K32: =+E32+H32 -> 0 | L32: =IF(K32=0,,M32/K32) -> 0 | M32: =+J32+G32 -> 0 | O32: =+N32*L32 -> 0 | Q32: =+P32*L32 -> 0 | S32: =+R32*L32 -> 0 | T32: =+K32-N32-P32-R32 -> 0 | U32: =IF(T32=0,,V32/T32) -> 0 | V32: =+T32*L32 -> 0
A33: =+A32+1 -> 14 | D33: ='01'!D33 -> 0 | E33: =+'07'!T33 -> 0 | F33: =+'07'!U33 -> 0 | G33: =+'07'!V33 -> 0 | J33: =+H33*I33 -> 0 | K33: =+E33+H33 -> 0 | L33: =IF(K33=0,,M33/K33) -> 0 | M33: =+J33+G33 -> 0 | O33: =+N33*L33 -> 0 | Q33: =+P33*L33 -> 0 | S33: =+R33*L33 -> 0 | T33: =+K33-N33-P33-R33 -> 0 | U33: =IF(T33=0,,V33/T33) -> 0 | V33: =+T33*L33 -> 0
A34: =+A33+1 -> 15 | D34: ='01'!D34 -> 0 | E34: =+'07'!T34 -> 0 | F34: =+'07'!U34 -> 0 | G34: =+'07'!V34 -> 0 | J34: =+H34*I34 -> 0 | K34: =+E34+H34 -> 0 | L34: =IF(K34=0,,M34/K34) -> 0 | M34: =+J34+G34 -> 0 | O34: =+N34*L34 -> 0 | Q34: =+P34*L34 -> 0 | S34: =+R34*L34 -> 0 | T34: =+K34-N34-P34-R34 -> 0 | U34: =IF(T34=0,,V34/T34) -> 0 | V34: =+T34*L34 -> 0
A35: =+A34+1 -> 16 | D35: ='01'!D35 -> 0 | E35: =+'07'!T35 -> 0 | F35: =+'07'!U35 -> 0 | G35: =+'07'!V35 -> 0 | J35: =+H35*I35 -> 0 | K35: =+E35+H35 -> 0 | L35: =IF(K35=0,,M35/K35) -> 0 | M35: =+J35+G35 -> 0 | O35: =+N35*L35 -> 0 | Q35: =+P35*L35 -> 0 | S35: =+R35*L35 -> 0 | T35: =+K35-N35-P35-R35 -> 0 | U35: =IF(T35=0,,V35/T35) -> 0 | V35: =+T35*L35 -> 0
A36: =+A35+1 -> 17 | D36: ='01'!D36 -> 0 | E36: =+'07'!T36 -> 0 | F36: =+'07'!U36 -> 0 | G36: =+'07'!V36 -> 0 | J36: =+H36*I36 -> 0 | K36: =+E36+H36 -> 0 | L36: =IF(K36=0,,M36/K36) -> 0 | M36: =+J36+G36 -> 0 | O36: =+N36*L36 -> 0 | Q36: =+P36*L36 -> 0 | S36: =+R36*L36 -> 0 | T36: =+K36-N36-P36-R36 -> 0 | U36: =IF(T36=0,,V36/T36) -> 0 | V36: =+T36*L36 -> 0
A37: =+A36+1 -> 18 | D37: ='01'!D37 -> 0 | E37: =+'07'!T37 -> 0 | F37: =+'07'!U37 -> 0 | G37: =+'07'!V37 -> 0 | J37: =+H37*I37 -> 0 | K37: =+E37+H37 -> 0 | L37: =IF(K37=0,,M37/K37) -> 0 | M37: =+J37+G37 -> 0 | O37: =+N37*L37 -> 0 | Q37: =+P37*L37 -> 0 | S37: =+R37*L37 -> 0 | T37: =+K37-N37-P37-R37 -> 0 | U37: =IF(T37=0,,V37/T37) -> 0 | V37: =+T37*L37 -> 0
B38: ='01'!B38 -> TOTAL BEER | C38: ='01'!C38 -> 0 | D38: ='01'!D38 -> 96 | E38: =+SUM(E20:E24) -> 55 | G38: =+SUM(G20:G37) -> 30.82 | H38: =+SUM(H20:H37) -> 0 | J38: =+SUM(J20:J37) -> 0 | K38: =+SUM(K20:K37) -> 55 | M38: =+SUM(M20:M37) -> 30.82 | N38: =+SUM(N20:N37) -> 0 | O38: =+SUM(O20:O37) -> 0 | P38: =+SUM(P20:P37) -> 0 | Q38: =+SUM(Q20:Q37) -> 0 | R38: =+SUM(R20:R37) -> 5 | S38: =+SUM(S20:S37) -> 2.91 | T38: =+SUM(T20:T37) -> 50 | V38: =+SUM(V20:V37) -> 27.91
B39: ='01'!B39 -> Grand TOTAL | C39: ='01'!C39 -> 0 | D39: ='01'!D39 -> 480 | E39: =+SUM(E7:E38)/2 -> 147 | G39: =+SUM(G7:G38)/2 -> 59.458333 | H39: =+SUM(H7:H38)/2 -> 0 | J39: =+SUM(J7:J38)/2 -> 0 | K39: =+SUM(K7:K38)/2 -> 147 | M39: =+SUM(M7:M38)/2 -> 59.458333 | N39: =+SUM(N7:N38)/2 -> 0 | O39: =+SUM(O7:O38)/2 -> 0 | P39: =+SUM(P7:P38)/2 -> 0 | Q39: =+SUM(Q7:Q38)/2 -> 0 | R39: =+SUM(R7:R38)/2 -> 17 | S39: =+SUM(S7:S38)/2 -> 6.4033333 | T39: =+SUM(T7:T38)/2 -> 130 | V39: =+SUM(V7:V38)/2 -> 53.055
A41: Prepared By: | H41: Checked By | R41: Acknowledge By:
A47: …........./……....../…........... | H47: …........./……....../…........... | R47: …........./……....../…...........

Sheet 09
A2: Stock Inventory Report of JULY 2026
S4: Date | T4: =+'08'!T4+1 -> 45847 | W4: Sale Report
A5: Nº | B5: Item Name | D5: Par Stock | E5: Opening | H5: Request | K5: In Stock | N5: Lost /Spoil | O5: Transfer out | P5: Cost of FOC | Q5: Cost of Sale | R5: Consumption | S5: Cost of Sale | T5: Closing
B6: English | C6: Khmer | E6: ដើមគ្រា | H6: បើកចូល | K6: ទំនិញមានក្នុងស្តុក | N6: ខូច/បាត់ | O6: ផ្ទេរចេញ | P6: ថ្លៃដើមព្រី | Q6: ថ្លៃដើមលក់ | R6: ថ្លៃដើមលក់ | S6: ថ្លៃដើមលក់ | T6: ចុងគ្រា | W6: Daily | AA6: Monthly
B7: ='01'!B7 -> Soft Drink | C7: ភេសជ្ជៈ | E7: Qtt | F7: U.P | G7: Amount | H7: Qtt | I7: U.P | J7: Amount | K7: Qtt | L7: U.P | M7: Amount | N7: Qtt | O7: Amount | P7: Qtt | Q7: Amount | R7: Qtt | S7: Amount | T7: Qtt | U7: U.P | V7: Amount | Y7: Qty | Z7: Amount | AA7: Qty | AB7: Amount
A8: 1 | B8: ='01'!B8 -> Cocacola Classic 330ml (24cans) | C8: ='01'!C8 -> កូកា ក្លាស៊ិក (កំប៉ុង៣៣០មម) | D8: ='01'!D8 -> 48 | E8: =+'08'!T8 -> -12 | F8: =+'08'!U8 -> 0.3625 | G8: =+'08'!V8 -> -4.35 | J8: =+H8*I8 -> 0 | K8: =+E8+H8 -> -12 | L8: =IF(K8=0,,M8/K8) -> 0.3625 | M8: =+J8+G8 -> -4.35 | O8: =+N8*L8 -> 0 | Q8: =+P8*L8 -> 0 | S8: =+R8*L8 -> 0 | T8: =+K8-N8-P8-R8 -> -12 | U8: =IF(T8=0,,V8/T8) -> 0.3625 | V8: =+T8*L8 -> -4.35 | W8: =+$B$8 -> Cocacola Classic 330ml (24cans) | Y8: =+$R$8 -> 0 | Z8: =+Y8*1 -> 0 | AA8: =+Y8+'08'!AA8 -> 13 | AB8: =+Z8+'08'!AB8 -> 13
A9: =+A8+1 -> 2 | B9: ='01'!B9 -> Cocacola Zero 330ml (24cans) | C9: ='01'!C9 -> កូកា សេរ៉ូ (កំប៉ុង៣៣០មម) | D9: ='01'!D9 -> 48 | E9: =+'08'!T9 -> 18 | F9: =+'08'!U9 -> 0.3625 | G9: =+'08'!V9 -> 6.525 | J9: =+H9*I9 -> 0 | K9: =+E9+H9 -> 18 | L9: =IF(K9=0,,M9/K9) -> 0.3625 | M9: =+J9+G9 -> 6.525 | O9: =+N9*L9 -> 0 | Q9: =+P9*L9 -> 0 | S9: =+R9*L9 -> 0 | T9: =+K9-N9-P9-R9 -> 18 | U9: =IF(T9=0,,V9/T9) -> 0.3625 | V9: =+T9*L9 -> 6.525 | W9: =+$B$9 -> Cocacola Zero 330ml (24cans) | Y9: =+$R$9 -> 0 | Z9: =+Y9*1 -> 0 | AA9: =+Y9+'08'!AA9 -> 0 | AB9: =+Z9+'08'!AB9 -> 0
A10: =+A9+1 -> 3 | B10: ='01'!B10 -> Cocacola Light 330ml (24cans) | C10: ='01'!C10 -> កូកា ឡៃ (កំប៉ុង៣៣០មម) | D10: ='01'!D10 -> 48 | E10: =+'08'!T10 -> 8 | F10: =+'08'!U10 -> 0.3625 | G10: =+'08'!V10 -> 2.9 | J10: =+H10*I10 -> 0 | K10: =+E10+H10 -> 8 | L10: =IF(K10=0,,M10/K10) -> 0.3625 | M10: =+J10+G10 -> 2.9 | O10: =+N10*L10 -> 0 | Q10: =+P10*L10 -> 0 | S10: =+R10*L10 -> 0 | T10: =+K10-N10-P10-R10 -> 8 | U10: =IF(T10=0,,V10/T10) -> 0.3625 | V10: =+T10*L10 -> 2.9 | W10: =+$B$10 -> Cocacola Light 330ml (24cans) | Y10: =+$R$10 -> 0 | Z10: =+Y10*1 -> 0 | AA10: =+Y10+'08'!AA10 -> 3 | AB10: =+Z10+'08'!AB10 -> 3
A11: =+A10+1 -> 4 | B11: ='01'!B11 -> Sprite 330ml (24cans) | C11: ='01'!C11 -> ស្ព្រៃ (កំប៉ុង៣៣០មម) | D11: ='01'!D11 -> 48 | E11: =+'08'!T11 -> 0 | F11: =+'08'!U11 -> 0 | G11: =+'08'!V11 -> 0 | J11: =+H11*I11 -> 0 | K11: =+E11+H11 -> 0 | L11: =IF(K11=0,,M11/K11) -> 0 | M11: =+J11+G11 -> 0 | O11: =+N11*L11 -> 0 | Q11: =+P11*L11 -> 0 | S11: =+R11*L11 -> 0 | T11: =+K11-N11-P11-R11 -> 0 | U11: =IF(T11=0,,V11/T11) -> 0 | V11: =+T11*L11 -> 0 | W11: =+$B$11 -> Sprite 330ml (24cans) | Y11: =+$R$11 -> 0 | Z11: =+Y11*1 -> 0 | AA11: =+Y11+'08'!AA11 -> 2 | AB11: =+Z11+'08'!AB11 -> 2
A12: =+A11+1 -> 5 | B12: ='01'!B12 -> Schweppes Soda Water 330ml (24cans) | C12: ='01'!C12 -> ទឹកសូដា (កំប៉ុង៣៣០មម) | D12: ='01'!D12 -> 48 | E12: =+'08'!T12 -> 13 | F12: =+'08'!U12 -> 0.3625 | G12: =+'08'!V12 -> 4.7125 | J12: =+H12*I12 -> 0 | K12: =+E12+H12 -> 13 | L12: =IF(K12=0,,M12/K12) -> 0.3625 | M12: =+J12+G12 -> 4.7125 | O12: =+N12*L12 -> 0 | Q12: =+P12*L12 -> 0 | S12: =+R12*L12 -> 0 | T12: =+K12-N12-P12-R12 -> 13 | U12: =IF(T12=0,,V12/T12) -> 0.3625 | V12: =+T12*L12 -> 4.7125 | W12: =+$B$12 -> Schweppes Soda Water 330ml (24cans) | Y12: =+$R$12 -> 0 | Z12: =+Y12*1 -> 0 | AA12: =+Y12+'08'!AA12 -> 1 | AB12: =+Z12+'08'!AB12 -> 1
A13: =+A12+1 -> 6 | B13: ='01'!B13 -> Schweppes Tonic Water 330ml (24cans) | C13: ='01'!C13 -> ទឹកតូនិច (កំប៉ុង៣៣០មម) | D13: ='01'!D13 -> 48 | E13: =+'08'!T13 -> 19 | F13: =+'08'!U13 -> 0.3625 | G13: =+'08'!V13 -> 6.8875 | J13: =+H13*I13 -> 0 | K13: =+E13+H13 -> 19 | L13: =IF(K13=0,,M13/K13) -> 0.3625 | M13: =+J13+G13 -> 6.8875 | O13: =+N13*L13 -> 0 | Q13: =+P13*L13 -> 0 | S13: =+R13*L13 -> 0 | T13: =+K13-N13-P13-R13 -> 19 | U13: =IF(T13=0,,V13/T13) -> 0.3625 | V13: =+T13*L13 -> 6.8875 | W13: =+$B$13 -> Schweppes Tonic Water 330ml (24cans) | Y13: =+$R$13 -> 0 | Z13: =+Y13*1 -> 0 | AA13: =+Y13+'08'!AA13 -> 0 | AB13: =+Z13+'08'!AB13 -> 0
A14: =+A13+1 -> 7 | B14: ='01'!B14 -> Schweppes Ginger Ale 330ml (24cans) | C14: ='01'!C14 -> ទឹក Ginger ale (កំប៉ុង៣៣០មម) | D14: ='01'!D14 -> 48 | E14: =+'08'!T14 -> 16 | F14: =+'08'!U14 -> 0.3625 | G14: =+'08'!V14 -> 5.8 | J14: =+H14*I14 -> 0 | K14: =+E14+H14 -> 16 | L14: =IF(K14=0,,M14/K14) -> 0.3625 | M14: =+J14+G14 -> 5.8 | O14: =+N14*L14 -> 0 | Q14: =+P14*L14 -> 0 | S14: =+R14*L14 -> 0 | T14: =+K14-N14-P14-R14 -> 16 | U14: =IF(T14=0,,V14/T14) -> 0.3625 | V14: =+T14*L14 -> 5.8 | W14: =+$B$14 -> Schweppes Ginger Ale 330ml (24cans) | Y14: =+$R$14 -> 0 | Z14: =+Y14*1 -> 0 | AA14: =+Y14+'08'!AA14 -> 4 | AB14: =+Z14+'08'!AB14 -> 4
B15: ='01'!B15 -> TOTAL SOFT DRINK | C15: ='01'!C15 -> 0 | D15: ='01'!D15 -> 336 | E15: =+SUM(E8:E14) -> 62 | G15: =+SUM(G8:G14) -> 22.475 | H15: =+SUM(H8:H14) -> 0 | J15: =+SUM(J8:J14) -> 0 | K15: =+SUM(K8:K14) -> 62 | M15: =+SUM(M8:M14) -> 22.475 | N15: =+SUM(N8:N14) -> 0 | O15: =+SUM(O8:O14) -> 0 | P15: =+SUM(P8:P14) -> 0 | Q15: =+SUM(Q8:Q14) -> 0 | R15: =+SUM(R8:R14) -> 0 | S15: =+SUM(S8:S14) -> 0 | T15: =+SUM(T8:T14) -> 62 | V15: =+SUM(V8:V14) -> 22.475 | W15: =+$B$17 -> Dasani 500ml (24 Btl) | Y15: =+$R$17 -> 0 | Z15: =+Y15*0.5 -> 0 | AA15: =+Y15+'08'!AA15 -> 16 | AB15: =+Z15+'08'!AB15 -> 8
B16: ='01'!B16 -> Water | C16: ='01'!C16 -> 0 | D16: ='01'!D16 -> 0 | W16: =+$B$20 -> TIGER BEER 330ml CAN | Y16: =+$R$20 -> 0 | Z16: =+Y16*1.25 -> 0 | AA16: =+Y16+'08'!AA16 -> 5 | AB16: =+Z16+'08'!AB16 -> 6.25
A17: =+A14+1 -> 8 | B17: ='01'!B17 -> Dasani 500ml (24 Btl) | C17: ='01'!C17 -> 0 | D17: ='01'!D17 -> 48 | E17: =+'08'!T17 -> 18 | F17: =+'08'!U17 -> 0.14833333 | G17: =+'08'!V17 -> 2.67 | J17: =+H17*I17 -> 0 | K17: =+E17+H17 -> 18 | L17: =IF(K17=0,,M17/K17) -> 0.14833333 | M17: =+J17+G17 -> 2.67 | O17: =+N17*L17 -> 0 | Q17: =+P17*L17 -> 0 | S17: =+R17*L17 -> 0 | T17: =+K17-N17-P17-R17 -> 18 | U17: =IF(T17=0,,V17/T17) -> 0.14833333 | V17: =+T17*L17 -> 2.67 | W17: =+$B$21 -> Heineken 330ml CAN | Y17: =+$R$21 -> 0 | Z17: =+Y17*1.25 -> 0 | AA17: =+Y17+'08'!AA17 -> 6 | AB17: =+Z17+'08'!AB17 -> 7.5
B18: ='01'!B18 -> TOTAL Water | C18: ='01'!C18 -> 0 | D18: ='01'!D18 -> 48 | E18: =+E17 -> 18 | G18: =+G17 -> 2.67 | H18: =+H17 -> 0 | J18: =+J17 -> 0 | K18: =+K17 -> 18 | M18: =+M17 -> 2.67 | N18: =+N17 -> 0 | O18: =+O17 -> 0 | P18: =+P17 -> 0 | Q18: =+Q17 -> 0 | R18: =+R17 -> 0 | S18: =+S17 -> 0 | T18: =+T17 -> 18 | V18: =+V17 -> 2.67 | Y18: =+$R$22 -> 0 | Z18: =+Y18*1 -> 0 | AA18: =+Y18+'08'!AA18 -> 0 | AB18: =+Z18+'08'!AB18 -> 0
B19: ='01'!B19 -> Beer | C19: ='01'!C19 -> 0 | D19: ='01'!D19 -> 0 | Y19: =+$R$23 -> 0 | Z19: =+Y19*1 -> 0 | AA19: =+Y19+'08'!AA19 -> 0 | AB19: =+Z19+'08'!AB19 -> 0
A20: =+A19+1 -> 1 | B20: ='01'!B20 -> TIGER BEER 330ml CAN | C20: ='01'!C20 -> ស្រាបៀរថៃហ្គ័រ (កំប៉ុង ៣៣០មល) | D20: ='01'!D20 -> 48 | E20: =+'08'!T20 -> 27 | F20: =+'08'!U20 -> 0.48 | G20: =+'08'!V20 -> 12.96 | J20: =+H20*I20 -> 0 | K20: =+E20+H20 -> 27 | L20: =IF(K20=0,,M20/K20) -> 0.48 | M20: =+J20+G20 -> 12.96 | O20: =+N20*L20 -> 0 | Q20: =+P20*L20 -> 0 | S20: =+R20*L20 -> 0 | T20: =+K20-N20-P20-R20 -> 27 | U20: =IF(T20=0,,V20/T20) -> 0.48 | V20: =+T20*L20 -> 12.96 | W20: TOTAL | Y20: =+SUM(Y8:Y19) -> 0 | Z20: =+SUM(Z8:Z19) -> 0 | AA20: =+SUM(AA8:AA19) -> 50 | AB20: =+SUM(AB8:AB19) -> 44.75
A21: =+A20+1 -> 2 | B21: ='01'!B21 -> Heineken 330ml CAN | C21: ='01'!C21 -> ស្រាបៀរហេន័រឃិន (កំប៉ុង ៣៣០មល) | D21: ='01'!D21 -> 48 | E21: =+'08'!T21 -> 23 | F21: =+'08'!U21 -> 0.65 | G21: =+'08'!V21 -> 14.95 | J21: =+H21*I21 -> 0 | K21: =+E21+H21 -> 23 | L21: =IF(K21=0,,M21/K21) -> 0.65 | M21: =+J21+G21 -> 14.95 | O21: =+N21*L21 -> 0 | Q21: =+P21*L21 -> 0 | S21: =+R21*L21 -> 0 | T21: =+K21-N21-P21-R21 -> 23 | U21: =IF(T21=0,,V21/T21) -> 0.65 | V21: =+T21*L21 -> 14.95
A22: =+A21+1 -> 3 | B22: ='01'!B22 -> 0 | C22: ='01'!C22 -> 0 | D22: ='01'!D22 -> 0 | E22: =+'08'!T22 -> 0 | F22: =+'08'!U22 -> 0 | G22: =+'08'!V22 -> 0 | J22: =+H22*I22 -> 0 | K22: =+E22+H22 -> 0 | L22: =IF(K22=0,,M22/K22) -> 0 | M22: =+J22+G22 -> 0 | O22: =+N22*L22 -> 0 | Q22: =+P22*L22 -> 0 | S22: =+R22*L22 -> 0 | T22: =+K22-N22-P22-R22 -> 0 | U22: =IF(T22=0,,V22/T22) -> 0 | V22: =+T22*L22 -> 0
A23: =+A22+1 -> 4 | B23: ='01'!B23 -> 0 | C23: ='01'!C23 -> 0 | D23: ='01'!D23 -> 0 | E23: =+'08'!T23 -> 0 | F23: =+'08'!U23 -> 0 | G23: =+'08'!V23 -> 0 | J23: =+H23*I23 -> 0 | K23: =+E23+H23 -> 0 | L23: =IF(K23=0,,M23/K23) -> 0 | M23: =+J23+G23 -> 0 | O23: =+N23*L23 -> 0 | Q23: =+P23*L23 -> 0 | S23: =+R23*L23 -> 0 | T23: =+K23-N23-P23-R23 -> 0 | U23: =IF(T23=0,,V23/T23) -> 0 | V23: =+T23*L23 -> 0
A24: =+A23+1 -> 5 | B24: ='01'!B24 -> 0 | C24: ='01'!C24 -> 0 | D24: ='01'!D24 -> 0 | E24: =+'08'!T24 -> 0 | F24: =+'08'!U24 -> 0 | G24: =+'08'!V24 -> 0 | J24: =+H24*I24 -> 0 | K24: =+E24+H24 -> 0 | L24: =IF(K24=0,,M24/K24) -> 0 | M24: =+J24+G24 -> 0 | O24: =+N24*L24 -> 0 | Q24: =+P24*L24 -> 0 | S24: =+R24*L24 -> 0 | T24: =+K24-N24-P24-R24 -> 0 | U24: =IF(T24=0,,V24/T24) -> 0 | V24: =+T24*L24 -> 0
A25: =+A24+1 -> 6 | D25: ='01'!D25 -> 0 | E25: =+'08'!T25 -> 0 | F25: =+'08'!U25 -> 0 | G25: =+'08'!V25 -> 0 | J25: =+H25*I25 -> 0 | K25: =+E25+H25 -> 0 | L25: =IF(K25=0,,M25/K25) -> 0 | M25: =+J25+G25 -> 0 | O25: =+N25*L25 -> 0 | Q25: =+P25*L25 -> 0 | S25: =+R25*L25 -> 0 | T25: =+K25-N25-P25-R25 -> 0 | U25: =IF(T25=0,,V25/T25) -> 0 | V25: =+T25*L25 -> 0
A26: =+A25+1 -> 7 | D26: ='01'!D26 -> 0 | E26: =+'08'!T26 -> 0 | F26: =+'08'!U26 -> 0 | G26: =+'08'!V26 -> 0 | J26: =+H26*I26 -> 0 | K26: =+E26+H26 -> 0 | L26: =IF(K26=0,,M26/K26) -> 0 | M26: =+J26+G26 -> 0 | O26: =+N26*L26 -> 0 | Q26: =+P26*L26 -> 0 | S26: =+R26*L26 -> 0 | T26: =+K26-N26-P26-R26 -> 0 | U26: =IF(T26=0,,V26/T26) -> 0 | V26: =+T26*L26 -> 0
A27: =+A26+1 -> 8 | D27: ='01'!D27 -> 0 | E27: =+'08'!T27 -> 0 | F27: =+'08'!U27 -> 0 | G27: =+'08'!V27 -> 0 | J27: =+H27*I27 -> 0 | K27: =+E27+H27 -> 0 | L27: =IF(K27=0,,M27/K27) -> 0 | M27: =+J27+G27 -> 0 | O27: =+N27*L27 -> 0 | Q27: =+P27*L27 -> 0 | S27: =+R27*L27 -> 0 | T27: =+K27-N27-P27-R27 -> 0 | U27: =IF(T27=0,,V27/T27) -> 0 | V27: =+T27*L27 -> 0
A28: =+A27+1 -> 9 | D28: ='01'!D28 -> 0 | E28: =+'08'!T28 -> 0 | F28: =+'08'!U28 -> 0 | G28: =+'08'!V28 -> 0 | J28: =+H28*I28 -> 0 | K28: =+E28+H28 -> 0 | L28: =IF(K28=0,,M28/K28) -> 0 | M28: =+J28+G28 -> 0 | O28: =+N28*L28 -> 0 | Q28: =+P28*L28 -> 0 | S28: =+R28*L28 -> 0 | T28: =+K28-N28-P28-R28 -> 0 | U28: =IF(T28=0,,V28/T28) -> 0 | V28: =+T28*L28 -> 0
A29: =+A28+1 -> 10 | D29: ='01'!D29 -> 0 | E29: =+'08'!T29 -> 0 | F29: =+'08'!U29 -> 0 | G29: =+'08'!V29 -> 0 | J29: =+H29*I29 -> 0 | K29: =+E29+H29 -> 0 | L29: =IF(K29=0,,M29/K29) -> 0 | M29: =+J29+G29 -> 0 | O29: =+N29*L29 -> 0 | Q29: =+P29*L29 -> 0 | S29: =+R29*L29 -> 0 | T29: =+K29-N29-P29-R29 -> 0 | U29: =IF(T29=0,,V29/T29) -> 0 | V29: =+T29*L29 -> 0
A30: =+A29+1 -> 11 | D30: ='01'!D30 -> 0 | E30: =+'08'!T30 -> 0 | F30: =+'08'!U30 -> 0 | G30: =+'08'!V30 -> 0 | J30: =+H30*I30 -> 0 | K30: =+E30+H30 -> 0 | L30: =IF(K30=0,,M30/K30) -> 0 | M30: =+J30+G30 -> 0 | O30: =+N30*L30 -> 0 | Q30: =+P30*L30 -> 0 | S30: =+R30*L30 -> 0 | T30: =+K30-N30-P30-R30 -> 0 | U30: =IF(T30=0,,V30/T30) -> 0 | V30: =+T30*L30 -> 0
A31: =+A30+1 -> 12 | D31: ='01'!D31 -> 0 | E31: =+'08'!T31 -> 0 | F31: =+'08'!U31 -> 0 | G31: =+'08'!V31 -> 0 | J31: =+H31*I31 -> 0 | K31: =+E31+H31 -> 0 | L31: =IF(K31=0,,M31/K31) -> 0 | M31: =+J31+G31 -> 0 | O31: =+N31*L31 -> 0 | Q31: =+P31*L31 -> 0 | S31: =+R31*L31 -> 0 | T31: =+K31-N31-P31-R31 -> 0 | U31: =IF(T31=0,,V31/T31) -> 0 | V31: =+T31*L31 -> 0
A32: =+A31+1 -> 13 | D32: ='01'!D32 -> 0 | E32: =+'08'!T32 -> 0 | F32: =+'08'!U32 -> 0 | G32: =+'08'!V32 -> 0 | J32: =+H32*I32 -> 0 | K32: =+E32+H32 -> 0 | L32: =IF(K32=0,,M32/K32) -> 0 | M32: =+J32+G32 -> 0 | O32: =+N32*L32 -> 0 | Q32: =+P32*L32 -> 0 | S32: =+R32*L32 -> 0 | T32: =+K32-N32-P32-R32 -> 0 | U32: =IF(T32=0,,V32/T32) -> 0 | V32: =+T32*L32 -> 0
A33: =+A32+1 -> 14 | D33: ='01'!D33 -> 0 | E33: =+'08'!T33 -> 0 | F33: =+'08'!U33 -> 0 | G33: =+'08'!V33 -> 0 | J33: =+H33*I33 -> 0 | K33: =+E33+H33 -> 0 | L33: =IF(K33=0,,M33/K33) -> 0 | M33: =+J33+G33 -> 0 | O33: =+N33*L33 -> 0 | Q33: =+P33*L33 -> 0 | S33: =+R33*L33 -> 0 | T33: =+K33-N33-P33-R33 -> 0 | U33: =IF(T33=0,,V33/T33) -> 0 | V33: =+T33*L33 -> 0
A34: =+A33+1 -> 15 | D34: ='01'!D34 -> 0 | E34: =+'08'!T34 -> 0 | F34: =+'08'!U34 -> 0 | G34: =+'08'!V34 -> 0 | J34: =+H34*I34 -> 0 | K34: =+E34+H34 -> 0 | L34: =IF(K34=0,,M34/K34) -> 0 | M34: =+J34+G34 -> 0 | O34: =+N34*L34 -> 0 | Q34: =+P34*L34 -> 0 | S34: =+R34*L34 -> 0 | T34: =+K34-N34-P34-R34 -> 0 | U34: =IF(T34=0,,V34/T34) -> 0 | V34: =+T34*L34 -> 0
A35: =+A34+1 -> 16 | D35: ='01'!D35 -> 0 | E35: =+'08'!T35 -> 0 | F35: =+'08'!U35 -> 0 | G35: =+'08'!V35 -> 0 | J35: =+H35*I35 -> 0 | K35: =+E35+H35 -> 0 | L35: =IF(K35=0,,M35/K35) -> 0 | M35: =+J35+G35 -> 0 | O35: =+N35*L35 -> 0 | Q35: =+P35*L35 -> 0 | S35: =+R35*L35 -> 0 | T35: =+K35-N35-P35-R35 -> 0 | U35: =IF(T35=0,,V35/T35) -> 0 | V35: =+T35*L35 -> 0
A36: =+A35+1 -> 17 | D36: ='01'!D36 -> 0 | E36: =+'08'!T36 -> 0 | F36: =+'08'!U36 -> 0 | G36: =+'08'!V36 -> 0 | J36: =+H36*I36 -> 0 | K36: =+E36+H36 -> 0 | L36: =IF(K36=0,,M36/K36) -> 0 | M36: =+J36+G36 -> 0 | O36: =+N36*L36 -> 0 | Q36: =+P36*L36 -> 0 | S36: =+R36*L36 -> 0 | T36: =+K36-N36-P36-R36 -> 0 | U36: =IF(T36=0,,V36/T36) -> 0 | V36: =+T36*L36 -> 0
A37: =+A36+1 -> 18 | D37: ='01'!D37 -> 0 | E37: =+'08'!T37 -> 0 | F37: =+'08'!U37 -> 0 | G37: =+'08'!V37 -> 0 | J37: =+H37*I37 -> 0 | K37: =+E37+H37 -> 0 | L37: =IF(K37=0,,M37/K37) -> 0 | M37: =+J37+G37 -> 0 | O37: =+N37*L37 -> 0 | Q37: =+P37*L37 -> 0 | S37: =+R37*L37 -> 0 | T37: =+K37-N37-P37-R37 -> 0 | U37: =IF(T37=0,,V37/T37) -> 0 | V37: =+T37*L37 -> 0
B38: ='01'!B38 -> TOTAL BEER | C38: ='01'!C38 -> 0 | D38: ='01'!D38 -> 96 | E38: =+SUM(E20:E24) -> 50 | G38: =+SUM(G20:G37) -> 27.91 | H38: =+SUM(H20:H37) -> 0 | J38: =+SUM(J20:J37) -> 0 | K38: =+SUM(K20:K37) -> 50 | M38: =+SUM(M20:M37) -> 27.91 | N38: =+SUM(N20:N37) -> 0 | O38: =+SUM(O20:O37) -> 0 | P38: =+SUM(P20:P37) -> 0 | Q38: =+SUM(Q20:Q37) -> 0 | R38: =+SUM(R20:R37) -> 0 | S38: =+SUM(S20:S37) -> 0 | T38: =+SUM(T20:T37) -> 50 | V38: =+SUM(V20:V37) -> 27.91
B39: ='01'!B39 -> Grand TOTAL | C39: ='01'!C39 -> 0 | D39: ='01'!D39 -> 480 | E39: =+SUM(E7:E38)/2 -> 130 | G39: =+SUM(G7:G38)/2 -> 53.055 | H39: =+SUM(H7:H38)/2 -> 0 | J39: =+SUM(J7:J38)/2 -> 0 | K39: =+SUM(K7:K38)/2 -> 130 | M39: =+SUM(M7:M38)/2 -> 53.055 | N39: =+SUM(N7:N38)/2 -> 0 | O39: =+SUM(O7:O38)/2 -> 0 | P39: =+SUM(P7:P38)/2 -> 0 | Q39: =+SUM(Q7:Q38)/2 -> 0 | R39: =+SUM(R7:R38)/2 -> 0 | S39: =+SUM(S7:S38)/2 -> 0 | T39: =+SUM(T7:T38)/2 -> 130 | V39: =+SUM(V7:V38)/2 -> 53.055
A41: Prepared By: | H41: Checked By | R41: Acknowledge By:
A47: …........./……....../…........... | H47: …........./……....../…........... | R47: …........./……....../…...........

Sheet 10
A2: Stock Inventory Report of JULY 2026
S4: Date | T4: =+'09'!T4+1 -> 45848 | W4: Sale Report
A5: Nº | B5: Item Name | D5: Par Stock | E5: Opening | H5: Request | K5: In Stock | N5: Lost /Spoil | O5: Transfer out | P5: Cost of FOC | Q5: Cost of Sale | R5: Consumption | S5: Cost of Sale | T5: Closing
B6: English | C6: Khmer | E6: ដើមគ្រា | H6: បើកចូល | K6: ទំនិញមានក្នុងស្តុក | N6: ខូច/បាត់ | O6: ផ្ទេរចេញ | P6: ថ្លៃដើមព្រី | Q6: ថ្លៃដើមលក់ | R6: ថ្លៃដើមលក់ | S6: ថ្លៃដើមលក់ | T6: ចុងគ្រា | W6: Daily | AA6: Monthly
B7: ='01'!B7 -> Soft Drink | C7: ភេសជ្ជៈ | E7: Qtt | F7: U.P | G7: Amount | H7: Qtt | I7: U.P | J7: Amount | K7: Qtt | L7: U.P | M7: Amount | N7: Qtt | O7: Amount | P7: Qtt | Q7: Amount | R7: Qtt | S7: Amount | T7: Qtt | U7: U.P | V7: Amount | Y7: Qty | Z7: Amount | AA7: Qty | AB7: Amount
A8: 1 | B8: ='01'!B8 -> Cocacola Classic 330ml (24cans) | C8: ='01'!C8 -> កូកា ក្លាស៊ិក (កំប៉ុង៣៣០មម) | D8: ='01'!D8 -> 48 | E8: =+'09'!T8 -> -12 | F8: =+'09'!U8 -> 0.3625 | G8: =+'09'!V8 -> -4.35 | J8: =+H8*I8 -> 0 | K8: =+E8+H8 -> -12 | L8: =IF(K8=0,,M8/K8) -> 0.3625 | M8: =+J8+G8 -> -4.35 | O8: =+N8*L8 -> 0 | Q8: =+P8*L8 -> 0 | S8: =+R8*L8 -> 0 | T8: =+K8-N8-P8-R8 -> -12 | U8: =IF(T8=0,,V8/T8) -> 0.3625 | V8: =+T8*L8 -> -4.35 | W8: =+$B$8 -> Cocacola Classic 330ml (24cans) | Y8: =+$R$8 -> 0 | Z8: =+Y8*1 -> 0 | AA8: =+Y8+'09'!AA8 -> 13 | AB8: =+Z8+'09'!AB8 -> 13
A9: =+A8+1 -> 2 | B9: ='01'!B9 -> Cocacola Zero 330ml (24cans) | C9: ='01'!C9 -> កូកា សេរ៉ូ (កំប៉ុង៣៣០មម) | D9: ='01'!D9 -> 48 | E9: =+'09'!T9 -> 18 | F9: =+'09'!U9 -> 0.3625 | G9: =+'09'!V9 -> 6.525 | J9: =+H9*I9 -> 0 | K9: =+E9+H9 -> 18 | L9: =IF(K9=0,,M9/K9) -> 0.3625 | M9: =+J9+G9 -> 6.525 | O9: =+N9*L9 -> 0 | Q9: =+P9*L9 -> 0 | S9: =+R9*L9 -> 0 | T9: =+K9-N9-P9-R9 -> 18 | U9: =IF(T9=0,,V9/T9) -> 0.3625 | V9: =+T9*L9 -> 6.525 | W9: =+$B$9 -> Cocacola Zero 330ml (24cans) | Y9: =+$R$9 -> 0 | Z9: =+Y9*1 -> 0 | AA9: =+Y9+'09'!AA9 -> 0 | AB9: =+Z9+'09'!AB9 -> 0
A10: =+A9+1 -> 3 | B10: ='01'!B10 -> Cocacola Light 330ml (24cans) | C10: ='01'!C10 -> កូកា ឡៃ (កំប៉ុង៣៣០មម) | D10: ='01'!D10 -> 48 | E10: =+'09'!T10 -> 8 | F10: =+'09'!U10 -> 0.3625 | G10: =+'09'!V10 -> 2.9 | J10: =+H10*I10 -> 0 | K10: =+E10+H10 -> 8 | L10: =IF(K10=0,,M10/K10) -> 0.3625 | M10: =+J10+G10 -> 2.9 | O10: =+N10*L10 -> 0 | Q10: =+P10*L10 -> 0 | S10: =+R10*L10 -> 0 | T10: =+K10-N10-P10-R10 -> 8 | U10: =IF(T10=0,,V10/T10) -> 0.3625 | V10: =+T10*L10 -> 2.9 | W10: =+$B$10 -> Cocacola Light 330ml (24cans) | Y10: =+$R$10 -> 0 | Z10: =+Y10*1 -> 0 | AA10: =+Y10+'09'!AA10 -> 3 | AB10: =+Z10+'09'!AB10 -> 3
A11: =+A10+1 -> 4 | B11: ='01'!B11 -> Sprite 330ml (24cans) | C11: ='01'!C11 -> ស្ព្រៃ (កំប៉ុង៣៣០មម) | D11: ='01'!D11 -> 48 | E11: =+'09'!T11 -> 0 | F11: =+'09'!U11 -> 0 | G11: =+'09'!V11 -> 0 | J11: =+H11*I11 -> 0 | K11: =+E11+H11 -> 0 | L11: =IF(K11=0,,M11/K11) -> 0 | M11: =+J11+G11 -> 0 | O11: =+N11*L11 -> 0 | Q11: =+P11*L11 -> 0 | S11: =+R11*L11 -> 0 | T11: =+K11-N11-P11-R11 -> 0 | U11: =IF(T11=0,,V11/T11) -> 0 | V11: =+T11*L11 -> 0 | W11: =+$B$11 -> Sprite 330ml (24cans) | Y11: =+$R$11 -> 0 | Z11: =+Y11*1 -> 0 | AA11: =+Y11+'09'!AA11 -> 2 | AB11: =+Z11+'09'!AB11 -> 2
A12: =+A11+1 -> 5 | B12: ='01'!B12 -> Schweppes Soda Water 330ml (24cans) | C12: ='01'!C12 -> ទឹកសូដា (កំប៉ុង៣៣០មម) | D12: ='01'!D12 -> 48 | E12: =+'09'!T12 -> 13 | F12: =+'09'!U12 -> 0.3625 | G12: =+'09'!V12 -> 4.7125 | J12: =+H12*I12 -> 0 | K12: =+E12+H12 -> 13 | L12: =IF(K12=0,,M12/K12) -> 0.3625 | M12: =+J12+G12 -> 4.7125 | O12: =+N12*L12 -> 0 | Q12: =+P12*L12 -> 0 | S12: =+R12*L12 -> 0 | T12: =+K12-N12-P12-R12 -> 13 | U12: =IF(T12=0,,V12/T12) -> 0.3625 | V12: =+T12*L12 -> 4.7125 | W12: =+$B$12 -> Schweppes Soda Water 330ml (24cans) | Y12: =+$R$12 -> 0 | Z12: =+Y12*1 -> 0 | AA12: =+Y12+'09'!AA12 -> 1 | AB12: =+Z12+'09'!AB12 -> 1
A13: =+A12+1 -> 6 | B13: ='01'!B13 -> Schweppes Tonic Water 330ml (24cans) | C13: ='01'!C13 -> ទឹកតូនិច (កំប៉ុង៣៣០មម) | D13: ='01'!D13 -> 48 | E13: =+'09'!T13 -> 19 | F13: =+'09'!U13 -> 0.3625 | G13: =+'09'!V13 -> 6.8875 | J13: =+H13*I13 -> 0 | K13: =+E13+H13 -> 19 | L13: =IF(K13=0,,M13/K13) -> 0.3625 | M13: =+J13+G13 -> 6.8875 | O13: =+N13*L13 -> 0 | Q13: =+P13*L13 -> 0 | R13: 1 | S13: =+R13*L13 -> 0.3625 | T13: =+K13-N13-P13-R13 -> 18 | U13: =IF(T13=0,,V13/T13) -> 0.3625 | V13: =+T13*L13 -> 6.525 | W13: =+$B$13 -> Schweppes Tonic Water 330ml (24cans) | Y13: =+$R$13 -> 1 | Z13: =+Y13*1 -> 1 | AA13: =+Y13+'09'!AA13 -> 1 | AB13: =+Z13+'09'!AB13 -> 1
A14: =+A13+1 -> 7 | B14: ='01'!B14 -> Schweppes Ginger Ale 330ml (24cans) | C14: ='01'!C14 -> ទឹក Ginger ale (កំប៉ុង៣៣០មម) | D14: ='01'!D14 -> 48 | E14: =+'09'!T14 -> 16 | F14: =+'09'!U14 -> 0.3625 | G14: =+'09'!V14 -> 5.8 | J14: =+H14*I14 -> 0 | K14: =+E14+H14 -> 16 | L14: =IF(K14=0,,M14/K14) -> 0.3625 | M14: =+J14+G14 -> 5.8 | O14: =+N14*L14 -> 0 | Q14: =+P14*L14 -> 0 | S14: =+R14*L14 -> 0 | T14: =+K14-N14-P14-R14 -> 16 | U14: =IF(T14=0,,V14/T14) -> 0.3625 | V14: =+T14*L14 -> 5.8 | W14: =+$B$14 -> Schweppes Ginger Ale 330ml (24cans) | Y14: =+$R$14 -> 0 | Z14: =+Y14*1 -> 0 | AA14: =+Y14+'09'!AA14 -> 4 | AB14: =+Z14+'09'!AB14 -> 4
B15: ='01'!B15 -> TOTAL SOFT DRINK | C15: ='01'!C15 -> 0 | D15: ='01'!D15 -> 336 | E15: =+SUM(E8:E14) -> 62 | G15: =+SUM(G8:G14) -> 22.475 | H15: =+SUM(H8:H14) -> 0 | J15: =+SUM(J8:J14) -> 0 | K15: =+SUM(K8:K14) -> 62 | M15: =+SUM(M8:M14) -> 22.475 | N15: =+SUM(N8:N14) -> 0 | O15: =+SUM(O8:O14) -> 0 | P15: =+SUM(P8:P14) -> 0 | Q15: =+SUM(Q8:Q14) -> 0 | R15: =+SUM(R8:R14) -> 1 | S15: =+SUM(S8:S14) -> 0.3625 | T15: =+SUM(T8:T14) -> 61 | V15: =+SUM(V8:V14) -> 22.1125 | W15: =+$B$17 -> Dasani 500ml (24 Btl) | Y15: =+$R$17 -> 3 | Z15: =+Y15*0.5 -> 1.5 | AA15: =+Y15+'09'!AA15 -> 19 | AB15: =+Z15+'09'!AB15 -> 9.5
B16: ='01'!B16 -> Water | C16: ='01'!C16 -> 0 | D16: ='01'!D16 -> 0 | W16: =+$B$20 -> TIGER BEER 330ml CAN | Y16: =+$R$20 -> 0 | Z16: =+Y16*1.25 -> 0 | AA16: =+Y16+'09'!AA16 -> 5 | AB16: =+Z16+'09'!AB16 -> 6.25
A17: =+A14+1 -> 8 | B17: ='01'!B17 -> Dasani 500ml (24 Btl) | C17: ='01'!C17 -> 0 | D17: ='01'!D17 -> 48 | E17: =+'09'!T17 -> 18 | F17: =+'09'!U17 -> 0.14833333 | G17: =+'09'!V17 -> 2.67 | J17: =+H17*I17 -> 0 | K17: =+E17+H17 -> 18 | L17: =IF(K17=0,,M17/K17) -> 0.14833333 | M17: =+J17+G17 -> 2.67 | O17: =+N17*L17 -> 0 | Q17: =+P17*L17 -> 0 | R17: 3 | S17: =+R17*L17 -> 0.445 | T17: =+K17-N17-P17-R17 -> 15 | U17: =IF(T17=0,,V17/T17) -> 0.14833333 | V17: =+T17*L17 -> 2.225 | W17: =+$B$21 -> Heineken 330ml CAN | Y17: =+$R$21 -> 0 | Z17: =+Y17*1.25 -> 0 | AA17: =+Y17+'09'!AA17 -> 6 | AB17: =+Z17+'09'!AB17 -> 7.5
B18: ='01'!B18 -> TOTAL Water | C18: ='01'!C18 -> 0 | D18: ='01'!D18 -> 48 | E18: =+E17 -> 18 | G18: =+G17 -> 2.67 | H18: =+H17 -> 0 | J18: =+J17 -> 0 | K18: =+K17 -> 18 | M18: =+M17 -> 2.67 | N18: =+N17 -> 0 | O18: =+O17 -> 0 | P18: =+P17 -> 0 | Q18: =+Q17 -> 0 | R18: =+R17 -> 3 | S18: =+S17 -> 0.445 | T18: =+T17 -> 15 | V18: =+V17 -> 2.225 | Y18: =+$R$22 -> 0 | Z18: =+Y18*1 -> 0 | AA18: =+Y18+'09'!AA18 -> 0 | AB18: =+Z18+'09'!AB18 -> 0
B19: ='01'!B19 -> Beer | C19: ='01'!C19 -> 0 | D19: ='01'!D19 -> 0 | Y19: =+$R$23 -> 0 | Z19: =+Y19*1 -> 0 | AA19: =+Y19+'09'!AA19 -> 0 | AB19: =+Z19+'09'!AB19 -> 0
A20: =+A19+1 -> 1 | B20: ='01'!B20 -> TIGER BEER 330ml CAN | C20: ='01'!C20 -> ស្រាបៀរថៃហ្គ័រ (កំប៉ុង ៣៣០មល) | D20: ='01'!D20 -> 48 | E20: =+'09'!T20 -> 27 | F20: =+'09'!U20 -> 0.48 | G20: =+'09'!V20 -> 12.96 | J20: =+H20*I20 -> 0 | K20: =+E20+H20 -> 27 | L20: =IF(K20=0,,M20/K20) -> 0.48 | M20: =+J20+G20 -> 12.96 | O20: =+N20*L20 -> 0 | Q20: =+P20*L20 -> 0 | S20: =+R20*L20 -> 0 | T20: =+K20-N20-P20-R20 -> 27 | U20: =IF(T20=0,,V20/T20) -> 0.48 | V20: =+T20*L20 -> 12.96 | W20: TOTAL | Y20: =+SUM(Y8:Y19) -> 4 | Z20: =+SUM(Z8:Z19) -> 2.5 | AA20: =+SUM(AA8:AA19) -> 54 | AB20: =+SUM(AB8:AB19) -> 47.25
A21: =+A20+1 -> 2 | B21: ='01'!B21 -> Heineken 330ml CAN | C21: ='01'!C21 -> ស្រាបៀរហេន័រឃិន (កំប៉ុង ៣៣០មល) | D21: ='01'!D21 -> 48 | E21: =+'09'!T21 -> 23 | F21: =+'09'!U21 -> 0.65 | G21: =+'09'!V21 -> 14.95 | J21: =+H21*I21 -> 0 | K21: =+E21+H21 -> 23 | L21: =IF(K21=0,,M21/K21) -> 0.65 | M21: =+J21+G21 -> 14.95 | O21: =+N21*L21 -> 0 | Q21: =+P21*L21 -> 0 | S21: =+R21*L21 -> 0 | T21: =+K21-N21-P21-R21 -> 23 | U21: =IF(T21=0,,V21/T21) -> 0.65 | V21: =+T21*L21 -> 14.95
A22: =+A21+1 -> 3 | B22: ='01'!B22 -> 0 | C22: ='01'!C22 -> 0 | D22: ='01'!D22 -> 0 | E22: =+'09'!T22 -> 0 | F22: =+'09'!U22 -> 0 | G22: =+'09'!V22 -> 0 | J22: =+H22*I22 -> 0 | K22: =+E22+H22 -> 0 | L22: =IF(K22=0,,M22/K22) -> 0 | M22: =+J22+G22 -> 0 | O22: =+N22*L22 -> 0 | Q22: =+P22*L22 -> 0 | S22: =+R22*L22 -> 0 | T22: =+K22-N22-P22-R22 -> 0 | U22: =IF(T22=0,,V22/T22) -> 0 | V22: =+T22*L22 -> 0
A23: =+A22+1 -> 4 | B23: ='01'!B23 -> 0 | C23: ='01'!C23 -> 0 | D23: ='01'!D23 -> 0 | E23: =+'09'!T23 -> 0 | F23: =+'09'!U23 -> 0 | G23: =+'09'!V23 -> 0 | J23: =+H23*I23 -> 0 | K23: =+E23+H23 -> 0 | L23: =IF(K23=0,,M23/K23) -> 0 | M23: =+J23+G23 -> 0 | O23: =+N23*L23 -> 0 | Q23: =+P23*L23 -> 0 | S23: =+R23*L23 -> 0 | T23: =+K23-N23-P23-R23 -> 0 | U23: =IF(T23=0,,V23/T23) -> 0 | V23: =+T23*L23 -> 0
A24: =+A23+1 -> 5 | B24: ='01'!B24 -> 0 | C24: ='01'!C24 -> 0 | D24: ='01'!D24 -> 0 | E24: =+'09'!T24 -> 0 | F24: =+'09'!U24 -> 0 | G24: =+'09'!V24 -> 0 | J24: =+H24*I24 -> 0 | K24: =+E24+H24 -> 0 | L24: =IF(K24=0,,M24/K24) -> 0 | M24: =+J24+G24 -> 0 | O24: =+N24*L24 -> 0 | Q24: =+P24*L24 -> 0 | S24: =+R24*L24 -> 0 | T24: =+K24-N24-P24-R24 -> 0 | U24: =IF(T24=0,,V24/T24) -> 0 | V24: =+T24*L24 -> 0
A25: =+A24+1 -> 6 | D25: ='01'!D25 -> 0 | E25: =+'09'!T25 -> 0 | F25: =+'09'!U25 -> 0 | G25: =+'09'!V25 -> 0 | J25: =+H25*I25 -> 0 | K25: =+E25+H25 -> 0 | L25: =IF(K25=0,,M25/K25) -> 0 | M25: =+J25+G25 -> 0 | O25: =+N25*L25 -> 0 | Q25: =+P25*L25 -> 0 | S25: =+R25*L25 -> 0 | T25: =+K25-N25-P25-R25 -> 0 | U25: =IF(T25=0,,V25/T25) -> 0 | V25: =+T25*L25 -> 0
A26: =+A25+1 -> 7 | D26: ='01'!D26 -> 0 | E26: =+'09'!T26 -> 0 | F26: =+'09'!U26 -> 0 | G26: =+'09'!V26 -> 0 | J26: =+H26*I26 -> 0 | K26: =+E26+H26 -> 0 | L26: =IF(K26=0,,M26/K26) -> 0 | M26: =+J26+G26 -> 0 | O26: =+N26*L26 -> 0 | Q26: =+P26*L26 -> 0 | S26: =+R26*L26 -> 0 | T26: =+K26-N26-P26-R26 -> 0 | U26: =IF(T26=0,,V26/T26) -> 0 | V26: =+T26*L26 -> 0
A27: =+A26+1 -> 8 | D27: ='01'!D27 -> 0 | E27: =+'09'!T27 -> 0 | F27: =+'09'!U27 -> 0 | G27: =+'09'!V27 -> 0 | J27: =+H27*I27 -> 0 | K27: =+E27+H27 -> 0 | L27: =IF(K27=0,,M27/K27) -> 0 | M27: =+J27+G27 -> 0 | O27: =+N27*L27 -> 0 | Q27: =+P27*L27 -> 0 | S27: =+R27*L27 -> 0 | T27: =+K27-N27-P27-R27 -> 0 | U27: =IF(T27=0,,V27/T27) -> 0 | V27: =+T27*L27 -> 0
A28: =+A27+1 -> 9 | D28: ='01'!D28 -> 0 | E28: =+'09'!T28 -> 0 | F28: =+'09'!U28 -> 0 | G28: =+'09'!V28 -> 0 | J28: =+H28*I28 -> 0 | K28: =+E28+H28 -> 0 | L28: =IF(K28=0,,M28/K28) -> 0 | M28: =+J28+G28 -> 0 | O28: =+N28*L28 -> 0 | Q28: =+P28*L28 -> 0 | S28: =+R28*L28 -> 0 | T28: =+K28-N28-P28-R28 -> 0 | U28: =IF(T28=0,,V28/T28) -> 0 | V28: =+T28*L28 -> 0
A29: =+A28+1 -> 10 | D29: ='01'!D29 -> 0 | E29: =+'09'!T29 -> 0 | F29: =+'09'!U29 -> 0 | G29: =+'09'!V29 -> 0 | J29: =+H29*I29 -> 0 | K29: =+E29+H29 -> 0 | L29: =IF(K29=0,,M29/K29) -> 0 | M29: =+J29+G29 -> 0 | O29: =+N29*L29 -> 0 | Q29: =+P29*L29 -> 0 | S29: =+R29*L29 -> 0 | T29: =+K29-N29-P29-R29 -> 0 | U29: =IF(T29=0,,V29/T29) -> 0 | V29: =+T29*L29 -> 0
A30: =+A29+1 -> 11 | D30: ='01'!D30 -> 0 | E30: =+'09'!T30 -> 0 | F30: =+'09'!U30 -> 0 | G30: =+'09'!V30 -> 0 | J30: =+H30*I30 -> 0 | K30: =+E30+H30 -> 0 | L30: =IF(K30=0,,M30/K30) -> 0 | M30: =+J30+G30 -> 0 | O30: =+N30*L30 -> 0 | Q30: =+P30*L30 -> 0 | S30: =+R30*L30 -> 0 | T30: =+K30-N30-P30-R30 -> 0 | U30: =IF(T30=0,,V30/T30) -> 0 | V30: =+T30*L30 -> 0
A31: =+A30+1 -> 12 | D31: ='01'!D31 -> 0 | E31: =+'09'!T31 -> 0 | F31: =+'09'!U31 -> 0 | G31: =+'09'!V31 -> 0 | J31: =+H31*I31 -> 0 | K31: =+E31+H31 -> 0 | L31: =IF(K31=0,,M31/K31) -> 0 | M31: =+J31+G31 -> 0 | O31: =+N31*L31 -> 0 | Q31: =+P31*L31 -> 0 | S31: =+R31*L31 -> 0 | T31: =+K31-N31-P31-R31 -> 0 | U31: =IF(T31=0,,V31/T31) -> 0 | V31: =+T31*L31 -> 0
A32: =+A31+1 -> 13 | D32: ='01'!D32 -> 0 | E32: =+'09'!T32 -> 0 | F32: =+'09'!U32 -> 0 | G32: =+'09'!V32 -> 0 | J32: =+H32*I32 -> 0 | K32: =+E32+H32 -> 0 | L32: =IF(K32=0,,M32/K32) -> 0 | M32: =+J32+G32 -> 0 | O32: =+N32*L32 -> 0 | Q32: =+P32*L32 -> 0 | S32: =+R32*L32 -> 0 | T32: =+K32-N32-P32-R32 -> 0 | U32: =IF(T32=0,,V32/T32) -> 0 | V32: =+T32*L32 -> 0
A33: =+A32+1 -> 14 | D33: ='01'!D33 -> 0 | E33: =+'09'!T33 -> 0 | F33: =+'09'!U33 -> 0 | G33: =+'09'!V33 -> 0 | J33: =+H33*I33 -> 0 | K33: =+E33+H33 -> 0 | L33: =IF(K33=0,,M33/K33) -> 0 | M33: =+J33+G33 -> 0 | O33: =+N33*L33 -> 0 | Q33: =+P33*L33 -> 0 | S33: =+R33*L33 -> 0 | T33: =+K33-N33-P33-R33 -> 0 | U33: =IF(T33=0,,V33/T33) -> 0 | V33: =+T33*L33 -> 0
A34: =+A33+1 -> 15 | D34: ='01'!D34 -> 0 | E34: =+'09'!T34 -> 0 | F34: =+'09'!U34 -> 0 | G34: =+'09'!V34 -> 0 | J34: =+H34*I34 -> 0 | K34: =+E34+H34 -> 0 | L34: =IF(K34=0,,M34/K34) -> 0 | M34: =+J34+G34 -> 0 | O34: =+N34*L34 -> 0 | Q34: =+P34*L34 -> 0 | S34: =+R34*L34 -> 0 | T34: =+K34-N34-P34-R34 -> 0 | U34: =IF(T34=0,,V34/T34) -> 0 | V34: =+T34*L34 -> 0
A35: =+A34+1 -> 16 | D35: ='01'!D35 -> 0 | E35: =+'09'!T35 -> 0 | F35: =+'09'!U35 -> 0 | G35: =+'09'!V35 -> 0 | J35: =+H35*I35 -> 0 | K35: =+E35+H35 -> 0 | L35: =IF(K35=0,,M35/K35) -> 0 | M35: =+J35+G35 -> 0 | O35: =+N35*L35 -> 0 | Q35: =+P35*L35 -> 0 | S35: =+R35*L35 -> 0 | T35: =+K35-N35-P35-R35 -> 0 | U35: =IF(T35=0,,V35/T35) -> 0 | V35: =+T35*L35 -> 0
A36: =+A35+1 -> 17 | D36: ='01'!D36 -> 0 | E36: =+'09'!T36 -> 0 | F36: =+'09'!U36 -> 0 | G36: =+'09'!V36 -> 0 | J36: =+H36*I36 -> 0 | K36: =+E36+H36 -> 0 | L36: =IF(K36=0,,M36/K36) -> 0 | M36: =+J36+G36 -> 0 | O36: =+N36*L36 -> 0 | Q36: =+P36*L36 -> 0 | S36: =+R36*L36 -> 0 | T36: =+K36-N36-P36-R36 -> 0 | U36: =IF(T36=0,,V36/T36) -> 0 | V36: =+T36*L36 -> 0
A37: =+A36+1 -> 18 | D37: ='01'!D37 -> 0 | E37: =+'09'!T37 -> 0 | F37: =+'09'!U37 -> 0 | G37: =+'09'!V37 -> 0 | J37: =+H37*I37 -> 0 | K37: =+E37+H37 -> 0 | L37: =IF(K37=0,,M37/K37) -> 0 | M37: =+J37+G37 -> 0 | O37: =+N37*L37 -> 0 | Q37: =+P37*L37 -> 0 | S37: =+R37*L37 -> 0 | T37: =+K37-N37-P37-R37 -> 0 | U37: =IF(T37=0,,V37/T37) -> 0 | V37: =+T37*L37 -> 0
B38: ='01'!B38 -> TOTAL BEER | C38: ='01'!C38 -> 0 | D38: ='01'!D38 -> 96 | E38: =+SUM(E20:E24) -> 50 | G38: =+SUM(G20:G37) -> 27.91 | H38: =+SUM(H20:H37) -> 0 | J38: =+SUM(J20:J37) -> 0 | K38: =+SUM(K20:K37) -> 50 | M38: =+SUM(M20:M37) -> 27.91 | N38: =+SUM(N20:N37) -> 0 | O38: =+SUM(O20:O37) -> 0 | P38: =+SUM(P20:P37) -> 0 | Q38: =+SUM(Q20:Q37) -> 0 | R38: =+SUM(R20:R37) -> 0 | S38: =+SUM(S20:S37) -> 0 | T38: =+SUM(T20:T37) -> 50 | V38: =+SUM(V20:V37) -> 27.91
B39: ='01'!B39 -> Grand TOTAL | C39: ='01'!C39 -> 0 | D39: ='01'!D39 -> 480 | E39: =+SUM(E7:E38)/2 -> 130 | G39: =+SUM(G7:G38)/2 -> 53.055 | H39: =+SUM(H7:H38)/2 -> 0 | J39: =+SUM(J7:J38)/2 -> 0 | K39: =+SUM(K7:K38)/2 -> 130 | M39: =+SUM(M7:M38)/2 -> 53.055 | N39: =+SUM(N7:N38)/2 -> 0 | O39: =+SUM(O7:O38)/2 -> 0 | P39: =+SUM(P7:P38)/2 -> 0 | Q39: =+SUM(Q7:Q38)/2 -> 0 | R39: =+SUM(R7:R38)/2 -> 4 | S39: =+SUM(S7:S38)/2 -> 0.8075 | T39: =+SUM(T7:T38)/2 -> 126 | V39: =+SUM(V7:V38)/2 -> 52.2475
A41: Prepared By: | H41: Checked By | R41: Acknowledge By:
A47: …........./……....../…........... | H47: …........./……....../…........... | R47: …........./……....../…...........

Sheet 11
A2: Stock Inventory Report of JULY 2026
S4: Date | T4: =+'10'!T4+1 -> 45849 | W4: Sale Report
A5: Nº | B5: Item Name | D5: Par Stock | E5: Opening | H5: Request | K5: In Stock | N5: Lost /Spoil | O5: Transfer out | P5: Cost of FOC | Q5: Cost of Sale | R5: Consumption | S5: Cost of Sale | T5: Closing
B6: English | C6: Khmer | E6: ដើមគ្រា | H6: បើកចូល | K6: ទំនិញមានក្នុងស្តុក | N6: ខូច/បាត់ | O6: ផ្ទេរចេញ | P6: ថ្លៃដើមព្រី | Q6: ថ្លៃដើមលក់ | R6: ថ្លៃដើមលក់ | S6: ថ្លៃដើមលក់ | T6: ចុងគ្រា | W6: Daily | AA6: Monthly
B7: ='01'!B7 -> Soft Drink | C7: ភេសជ្ជៈ | E7: Qtt | F7: U.P | G7: Amount | H7: Qtt | I7: U.P | J7: Amount | K7: Qtt | L7: U.P | M7: Amount | N7: Qtt | O7: Amount | P7: Qtt | Q7: Amount | R7: Qtt | S7: Amount | T7: Qtt | U7: U.P | V7: Amount | Y7: Qty | Z7: Amount | AA7: Qty | AB7: Amount
A8: 1 | B8: ='01'!B8 -> Cocacola Classic 330ml (24cans) | C8: ='01'!C8 -> កូកា ក្លាស៊ិក (កំប៉ុង៣៣០មម) | D8: ='01'!D8 -> 48 | E8: =+'10'!T8 -> -12 | F8: =+'10'!U8 -> 0.3625 | G8: =+'10'!V8 -> -4.35 | J8: =+H8*I8 -> 0 | K8: =+E8+H8 -> -12 | L8: =IF(K8=0,,M8/K8) -> 0.3625 | M8: =+J8+G8 -> -4.35 | O8: =+N8*L8 -> 0 | Q8: =+P8*L8 -> 0 | S8: =+R8*L8 -> 0 | T8: =+K8-N8-P8-R8 -> -12 | U8: =IF(T8=0,,V8/T8) -> 0.3625 | V8: =+T8*L8 -> -4.35 | W8: =+$B$8 -> Cocacola Classic 330ml (24cans) | Y8: =+$R$8 -> 0 | Z8: =+Y8*1 -> 0 | AA8: =+Y8+'10'!AA8 -> 13 | AB8: =+Z8+'10'!AB8 -> 13
A9: =+A8+1 -> 2 | B9: ='01'!B9 -> Cocacola Zero 330ml (24cans) | C9: ='01'!C9 -> កូកា សេរ៉ូ (កំប៉ុង៣៣០មម) | D9: ='01'!D9 -> 48 | E9: =+'10'!T9 -> 18 | F9: =+'10'!U9 -> 0.3625 | G9: =+'10'!V9 -> 6.525 | J9: =+H9*I9 -> 0 | K9: =+E9+H9 -> 18 | L9: =IF(K9=0,,M9/K9) -> 0.3625 | M9: =+J9+G9 -> 6.525 | O9: =+N9*L9 -> 0 | Q9: =+P9*L9 -> 0 | S9: =+R9*L9 -> 0 | T9: =+K9-N9-P9-R9 -> 18 | U9: =IF(T9=0,,V9/T9) -> 0.3625 | V9: =+T9*L9 -> 6.525 | W9: =+$B$9 -> Cocacola Zero 330ml (24cans) | Y9: =+$R$9 -> 0 | Z9: =+Y9*1 -> 0 | AA9: =+Y9+'10'!AA9 -> 0 | AB9: =+Z9+'10'!AB9 -> 0
A10: =+A9+1 -> 3 | B10: ='01'!B10 -> Cocacola Light 330ml (24cans) | C10: ='01'!C10 -> កូកា ឡៃ (កំប៉ុង៣៣០មម) | D10: ='01'!D10 -> 48 | E10: =+'10'!T10 -> 8 | F10: =+'10'!U10 -> 0.3625 | G10: =+'10'!V10 -> 2.9 | J10: =+H10*I10 -> 0 | K10: =+E10+H10 -> 8 | L10: =IF(K10=0,,M10/K10) -> 0.3625 | M10: =+J10+G10 -> 2.9 | O10: =+N10*L10 -> 0 | Q10: =+P10*L10 -> 0 | S10: =+R10*L10 -> 0 | T10: =+K10-N10-P10-R10 -> 8 | U10: =IF(T10=0,,V10/T10) -> 0.3625 | V10: =+T10*L10 -> 2.9 | W10: =+$B$10 -> Cocacola Light 330ml (24cans) | Y10: =+$R$10 -> 0 | Z10: =+Y10*1 -> 0 | AA10: =+Y10+'10'!AA10 -> 3 | AB10: =+Z10+'10'!AB10 -> 3
A11: =+A10+1 -> 4 | B11: ='01'!B11 -> Sprite 330ml (24cans) | C11: ='01'!C11 -> ស្ព្រៃ (កំប៉ុង៣៣០មម) | D11: ='01'!D11 -> 48 | E11: =+'10'!T11 -> 0 | F11: =+'10'!U11 -> 0 | G11: =+'10'!V11 -> 0 | J11: =+H11*I11 -> 0 | K11: =+E11+H11 -> 0 | L11: =IF(K11=0,,M11/K11) -> 0 | M11: =+J11+G11 -> 0 | O11: =+N11*L11 -> 0 | Q11: =+P11*L11 -> 0 | S11: =+R11*L11 -> 0 | T11: =+K11-N11-P11-R11 -> 0 | U11: =IF(T11=0,,V11/T11) -> 0 | V11: =+T11*L11 -> 0 | W11: =+$B$11 -> Sprite 330ml (24cans) | Y11: =+$R$11 -> 0 | Z11: =+Y11*1 -> 0 | AA11: =+Y11+'10'!AA11 -> 2 | AB11: =+Z11+'10'!AB11 -> 2
A12: =+A11+1 -> 5 | B12: ='01'!B12 -> Schweppes Soda Water 330ml (24cans) | C12: ='01'!C12 -> ទឹកសូដា (កំប៉ុង៣៣០មម) | D12: ='01'!D12 -> 48 | E12: =+'10'!T12 -> 13 | F12: =+'10'!U12 -> 0.3625 | G12: =+'10'!V12 -> 4.7125 | J12: =+H12*I12 -> 0 | K12: =+E12+H12 -> 13 | L12: =IF(K12=0,,M12/K12) -> 0.3625 | M12: =+J12+G12 -> 4.7125 | O12: =+N12*L12 -> 0 | Q12: =+P12*L12 -> 0 | S12: =+R12*L12 -> 0 | T12: =+K12-N12-P12-R12 -> 13 | U12: =IF(T12=0,,V12/T12) -> 0.3625 | V12: =+T12*L12 -> 4.7125 | W12: =+$B$12 -> Schweppes Soda Water 330ml (24cans) | Y12: =+$R$12 -> 0 | Z12: =+Y12*1 -> 0 | AA12: =+Y12+'10'!AA12 -> 1 | AB12: =+Z12+'10'!AB12 -> 1
A13: =+A12+1 -> 6 | B13: ='01'!B13 -> Schweppes Tonic Water 330ml (24cans) | C13: ='01'!C13 -> ទឹកតូនិច (កំប៉ុង៣៣០មម) | D13: ='01'!D13 -> 48 | E13: =+'10'!T13 -> 18 | F13: =+'10'!U13 -> 0.3625 | G13: =+'10'!V13 -> 6.525 | J13: =+H13*I13 -> 0 | K13: =+E13+H13 -> 18 | L13: =IF(K13=0,,M13/K13) -> 0.3625 | M13: =+J13+G13 -> 6.525 | O13: =+N13*L13 -> 0 | Q13: =+P13*L13 -> 0 | R13: 1 | S13: =+R13*L13 -> 0.3625 | T13: =+K13-N13-P13-R13 -> 17 | U13: =IF(T13=0,,V13/T13) -> 0.3625 | V13: =+T13*L13 -> 6.1625 | W13: =+$B$13 -> Schweppes Tonic Water 330ml (24cans) | Y13: =+$R$13 -> 1 | Z13: =+Y13*1 -> 1 | AA13: =+Y13+'10'!AA13 -> 2 | AB13: =+Z13+'10'!AB13 -> 2
A14: =+A13+1 -> 7 | B14: ='01'!B14 -> Schweppes Ginger Ale 330ml (24cans) | C14: ='01'!C14 -> ទឹក Ginger ale (កំប៉ុង៣៣០មម) | D14: ='01'!D14 -> 48 | E14: =+'10'!T14 -> 16 | F14: =+'10'!U14 -> 0.3625 | G14: =+'10'!V14 -> 5.8 | J14: =+H14*I14 -> 0 | K14: =+E14+H14 -> 16 | L14: =IF(K14=0,,M14/K14) -> 0.3625 | M14: =+J14+G14 -> 5.8 | O14: =+N14*L14 -> 0 | Q14: =+P14*L14 -> 0 | S14: =+R14*L14 -> 0 | T14: =+K14-N14-P14-R14 -> 16 | U14: =IF(T14=0,,V14/T14) -> 0.3625 | V14: =+T14*L14 -> 5.8 | W14: =+$B$14 -> Schweppes Ginger Ale 330ml (24cans) | Y14: =+$R$14 -> 0 | Z14: =+Y14*1 -> 0 | AA14: =+Y14+'10'!AA14 -> 4 | AB14: =+Z14+'10'!AB14 -> 4
B15: ='01'!B15 -> TOTAL SOFT DRINK | C15: ='01'!C15 -> 0 | D15: ='01'!D15 -> 336 | E15: =+SUM(E8:E14) -> 61 | G15: =+SUM(G8:G14) -> 22.1125 | H15: =+SUM(H8:H14) -> 0 | J15: =+SUM(J8:J14) -> 0 | K15: =+SUM(K8:K14) -> 61 | M15: =+SUM(M8:M14) -> 22.1125 | N15: =+SUM(N8:N14) -> 0 | O15: =+SUM(O8:O14) -> 0 | P15: =+SUM(P8:P14) -> 0 | Q15: =+SUM(Q8:Q14) -> 0 | R15: =+SUM(R8:R14) -> 1 | S15: =+SUM(S8:S14) -> 0.3625 | T15: =+SUM(T8:T14) -> 60 | V15: =+SUM(V8:V14) -> 21.75 | W15: =+$B$17 -> Dasani 500ml (24 Btl) | Y15: =+$R$17 -> 1 | Z15: =+Y15*0.5 -> 0.5 | AA15: =+Y15+'10'!AA15 -> 20 | AB15: =+Z15+'10'!AB15 -> 10
B16: ='01'!B16 -> Water | C16: ='01'!C16 -> 0 | D16: ='01'!D16 -> 0 | W16: =+$B$20 -> TIGER BEER 330ml CAN | Y16: =+$R$20 -> 3 | Z16: =+Y16*1.25 -> 3.75 | AA16: =+Y16+'10'!AA16 -> 8 | AB16: =+Z16+'10'!AB16 -> 10
A17: =+A14+1 -> 8 | B17: ='01'!B17 -> Dasani 500ml (24 Btl) | C17: ='01'!C17 -> 0 | D17: ='01'!D17 -> 48 | E17: =+'10'!T17 -> 15 | F17: =+'10'!U17 -> 0.14833333 | G17: =+'10'!V17 -> 2.225 | J17: =+H17*I17 -> 0 | K17: =+E17+H17 -> 15 | L17: =IF(K17=0,,M17/K17) -> 0.14833333 | M17: =+J17+G17 -> 2.225 | O17: =+N17*L17 -> 0 | Q17: =+P17*L17 -> 0 | R17: 1 | S17: =+R17*L17 -> 0.14833333 | T17: =+K17-N17-P17-R17 -> 14 | U17: =IF(T17=0,,V17/T17) -> 0.14833333 | V17: =+T17*L17 -> 2.0766667 | W17: =+$B$21 -> Heineken 330ml CAN | Y17: =+$R$21 -> 3 | Z17: =+Y17*1.25 -> 3.75 | AA17: =+Y17+'10'!AA17 -> 9 | AB17: =+Z17+'10'!AB17 -> 11.25
B18: ='01'!B18 -> TOTAL Water | C18: ='01'!C18 -> 0 | D18: ='01'!D18 -> 48 | E18: =+E17 -> 15 | G18: =+G17 -> 2.225 | H18: =+H17 -> 0 | J18: =+J17 -> 0 | K18: =+K17 -> 15 | M18: =+M17 -> 2.225 | N18: =+N17 -> 0 | O18: =+O17 -> 0 | P18: =+P17 -> 0 | Q18: =+Q17 -> 0 | R18: =+R17 -> 1 | S18: =+S17 -> 0.14833333 | T18: =+T17 -> 14 | V18: =+V17 -> 2.0766667 | Y18: =+$R$22 -> 0 | Z18: =+Y18*1 -> 0 | AA18: =+Y18+'10'!AA18 -> 0 | AB18: =+Z18+'10'!AB18 -> 0
B19: ='01'!B19 -> Beer | C19: ='01'!C19 -> 0 | D19: ='01'!D19 -> 0 | Y19: =+$R$23 -> 0 | Z19: =+Y19*1 -> 0 | AA19: =+Y19+'10'!AA19 -> 0 | AB19: =+Z19+'10'!AB19 -> 0
A20: =+A19+1 -> 1 | B20: ='01'!B20 -> TIGER BEER 330ml CAN | C20: ='01'!C20 -> ស្រាបៀរថៃហ្គ័រ (កំប៉ុង ៣៣០មល) | D20: ='01'!D20 -> 48 | E20: =+'10'!T20 -> 27 | F20: =+'10'!U20 -> 0.48 | G20: =+'10'!V20 -> 12.96 | J20: =+H20*I20 -> 0 | K20: =+E20+H20 -> 27 | L20: =IF(K20=0,,M20/K20) -> 0.48 | M20: =+J20+G20 -> 12.96 | O20: =+N20*L20 -> 0 | Q20: =+P20*L20 -> 0 | R20: 3 | S20: =+R20*L20 -> 1.44 | T20: =+K20-N20-P20-R20 -> 24 | U20: =IF(T20=0,,V20/T20) -> 0.48 | V20: =+T20*L20 -> 11.52 | W20: TOTAL | Y20: =+SUM(Y8:Y19) -> 8 | Z20: =+SUM(Z8:Z19) -> 9 | AA20: =+SUM(AA8:AA19) -> 62 | AB20: =+SUM(AB8:AB19) -> 56.25
A21: =+A20+1 -> 2 | B21: ='01'!B21 -> Heineken 330ml CAN | C21: ='01'!C21 -> ស្រាបៀរហេន័រឃិន (កំប៉ុង ៣៣០មល) | D21: ='01'!D21 -> 48 | E21: =+'10'!T21 -> 23 | F21: =+'10'!U21 -> 0.65 | G21: =+'10'!V21 -> 14.95 | J21: =+H21*I21 -> 0 | K21: =+E21+H21 -> 23 | L21: =IF(K21=0,,M21/K21) -> 0.65 | M21: =+J21+G21 -> 14.95 | O21: =+N21*L21 -> 0 | Q21: =+P21*L21 -> 0 | R21: 3 | S21: =+R21*L21 -> 1.95 | T21: =+K21-N21-P21-R21 -> 20 | U21: =IF(T21=0,,V21/T21) -> 0.65 | V21: =+T21*L21 -> 13
A22: =+A21+1 -> 3 | B22: ='01'!B22 -> 0 | C22: ='01'!C22 -> 0 | D22: ='01'!D22 -> 0 | E22: =+'10'!T22 -> 0 | F22: =+'10'!U22 -> 0 | G22: =+'10'!V22 -> 0 | J22: =+H22*I22 -> 0 | K22: =+E22+H22 -> 0 | L22: =IF(K22=0,,M22/K22) -> 0 | M22: =+J22+G22 -> 0 | O22: =+N22*L22 -> 0 | Q22: =+P22*L22 -> 0 | S22: =+R22*L22 -> 0 | T22: =+K22-N22-P22-R22 -> 0 | U22: =IF(T22=0,,V22/T22) -> 0 | V22: =+T22*L22 -> 0
A23: =+A22+1 -> 4 | B23: ='01'!B23 -> 0 | C23: ='01'!C23 -> 0 | D23: ='01'!D23 -> 0 | E23: =+'10'!T23 -> 0 | F23: =+'10'!U23 -> 0 | G23: =+'10'!V23 -> 0 | J23: =+H23*I23 -> 0 | K23: =+E23+H23 -> 0 | L23: =IF(K23=0,,M23/K23) -> 0 | M23: =+J23+G23 -> 0 | O23: =+N23*L23 -> 0 | Q23: =+P23*L23 -> 0 | S23: =+R23*L23 -> 0 | T23: =+K23-N23-P23-R23 -> 0 | U23: =IF(T23=0,,V23/T23) -> 0 | V23: =+T23*L23 -> 0
A24: =+A23+1 -> 5 | B24: ='01'!B24 -> 0 | C24: ='01'!C24 -> 0 | D24: ='01'!D24 -> 0 | E24: =+'10'!T24 -> 0 | F24: =+'10'!U24 -> 0 | G24: =+'10'!V24 -> 0 | J24: =+H24*I24 -> 0 | K24: =+E24+H24 -> 0 | L24: =IF(K24=0,,M24/K24) -> 0 | M24: =+J24+G24 -> 0 | O24: =+N24*L24 -> 0 | Q24: =+P24*L24 -> 0 | S24: =+R24*L24 -> 0 | T24: =+K24-N24-P24-R24 -> 0 | U24: =IF(T24=0,,V24/T24) -> 0 | V24: =+T24*L24 -> 0
A25: =+A24+1 -> 6 | D25: ='01'!D25 -> 0 | E25: =+'10'!T25 -> 0 | F25: =+'10'!U25 -> 0 | G25: =+'10'!V25 -> 0 | J25: =+H25*I25 -> 0 | K25: =+E25+H25 -> 0 | L25: =IF(K25=0,,M25/K25) -> 0 | M25: =+J25+G25 -> 0 | O25: =+N25*L25 -> 0 | Q25: =+P25*L25 -> 0 | S25: =+R25*L25 -> 0 | T25: =+K25-N25-P25-R25 -> 0 | U25: =IF(T25=0,,V25/T25) -> 0 | V25: =+T25*L25 -> 0
A26: =+A25+1 -> 7 | D26: ='01'!D26 -> 0 | E26: =+'10'!T26 -> 0 | F26: =+'10'!U26 -> 0 | G26: =+'10'!V26 -> 0 | J26: =+H26*I26 -> 0 | K26: =+E26+H26 -> 0 | L26: =IF(K26=0,,M26/K26) -> 0 | M26: =+J26+G26 -> 0 | O26: =+N26*L26 -> 0 | Q26: =+P26*L26 -> 0 | S26: =+R26*L26 -> 0 | T26: =+K26-N26-P26-R26 -> 0 | U26: =IF(T26=0,,V26/T26) -> 0 | V26: =+T26*L26 -> 0
A27: =+A26+1 -> 8 | D27: ='01'!D27 -> 0 | E27: =+'10'!T27 -> 0 | F27: =+'10'!U27 -> 0 | G27: =+'10'!V27 -> 0 | J27: =+H27*I27 -> 0 | K27: =+E27+H27 -> 0 | L27: =IF(K27=0,,M27/K27) -> 0 | M27: =+J27+G27 -> 0 | O27: =+N27*L27 -> 0 | Q27: =+P27*L27 -> 0 | S27: =+R27*L27 -> 0 | T27: =+K27-N27-P27-R27 -> 0 | U27: =IF(T27=0,,V27/T27) -> 0 | V27: =+T27*L27 -> 0
A28: =+A27+1 -> 9 | D28: ='01'!D28 -> 0 | E28: =+'10'!T28 -> 0 | F28: =+'10'!U28 -> 0 | G28: =+'10'!V28 -> 0 | J28: =+H28*I28 -> 0 | K28: =+E28+H28 -> 0 | L28: =IF(K28=0,,M28/K28) -> 0 | M28: =+J28+G28 -> 0 | O28: =+N28*L28 -> 0 | Q28: =+P28*L28 -> 0 | S28: =+R28*L28 -> 0 | T28: =+K28-N28-P28-R28 -> 0 | U28: =IF(T28=0,,V28/T28) -> 0 | V28: =+T28*L28 -> 0
A29: =+A28+1 -> 10 | D29: ='01'!D29 -> 0 | E29: =+'10'!T29 -> 0 | F29: =+'10'!U29 -> 0 | G29: =+'10'!V29 -> 0 | J29: =+H29*I29 -> 0 | K29: =+E29+H29 -> 0 | L29: =IF(K29=0,,M29/K29) -> 0 | M29: =+J29+G29 -> 0 | O29: =+N29*L29 -> 0 | Q29: =+P29*L29 -> 0 | S29: =+R29*L29 -> 0 | T29: =+K29-N29-P29-R29 -> 0 | U29: =IF(T29=0,,V29/T29) -> 0 | V29: =+T29*L29 -> 0
A30: =+A29+1 -> 11 | D30: ='01'!D30 -> 0 | E30: =+'10'!T30 -> 0 | F30: =+'10'!U30 -> 0 | G30: =+'10'!V30 -> 0 | J30: =+H30*I30 -> 0 | K30: =+E30+H30 -> 0 | L30: =IF(K30=0,,M30/K30) -> 0 | M30: =+J30+G30 -> 0 | O30: =+N30*L30 -> 0 | Q30: =+P30*L30 -> 0 | S30: =+R30*L30 -> 0 | T30: =+K30-N30-P30-R30 -> 0 | U30: =IF(T30=0,,V30/T30) -> 0 | V30: =+T30*L30 -> 0
A31: =+A30+1 -> 12 | D31: ='01'!D31 -> 0 | E31: =+'10'!T31 -> 0 | F31: =+'10'!U31 -> 0 | G31: =+'10'!V31 -> 0 | J31: =+H31*I31 -> 0 | K31: =+E31+H31 -> 0 | L31: =IF(K31=0,,M31/K31) -> 0 | M31: =+J31+G31 -> 0 | O31: =+N31*L31 -> 0 | Q31: =+P31*L31 -> 0 | S31: =+R31*L31 -> 0 | T31: =+K31-N31-P31-R31 -> 0 | U31: =IF(T31=0,,V31/T31) -> 0 | V31: =+T31*L31 -> 0
A32: =+A31+1 -> 13 | D32: ='01'!D32 -> 0 | E32: =+'10'!T32 -> 0 | F32: =+'10'!U32 -> 0 | G32: =+'10'!V32 -> 0 | J32: =+H32*I32 -> 0 | K32: =+E32+H32 -> 0 | L32: =IF(K32=0,,M32/K32) -> 0 | M32: =+J32+G32 -> 0 | O32: =+N32*L32 -> 0 | Q32: =+P32*L32 -> 0 | S32: =+R32*L32 -> 0 | T32: =+K32-N32-P32-R32 -> 0 | U32: =IF(T32=0,,V32/T32) -> 0 | V32: =+T32*L32 -> 0
A33: =+A32+1 -> 14 | D33: ='01'!D33 -> 0 | E33: =+'10'!T33 -> 0 | F33: =+'10'!U33 -> 0 | G33: =+'10'!V33 -> 0 | J33: =+H33*I33 -> 0 | K33: =+E33+H33 -> 0 | L33: =IF(K33=0,,M33/K33) -> 0 | M33: =+J33+G33 -> 0 | O33: =+N33*L33 -> 0 | Q33: =+P33*L33 -> 0 | S33: =+R33*L33 -> 0 | T33: =+K33-N33-P33-R33 -> 0 | U33: =IF(T33=0,,V33/T33) -> 0 | V33: =+T33*L33 -> 0
A34: =+A33+1 -> 15 | D34: ='01'!D34 -> 0 | E34: =+'10'!T34 -> 0 | F34: =+'10'!U34 -> 0 | G34: =+'10'!V34 -> 0 | J34: =+H34*I34 -> 0 | K34: =+E34+H34 -> 0 | L34: =IF(K34=0,,M34/K34) -> 0 | M34: =+J34+G34 -> 0 | O34: =+N34*L34 -> 0 | Q34: =+P34*L34 -> 0 | S34: =+R34*L34 -> 0 | T34: =+K34-N34-P34-R34 -> 0 | U34: =IF(T34=0,,V34/T34) -> 0 | V34: =+T34*L34 -> 0
A35: =+A34+1 -> 16 | D35: ='01'!D35 -> 0 | E35: =+'10'!T35 -> 0 | F35: =+'10'!U35 -> 0 | G35: =+'10'!V35 -> 0 | J35: =+H35*I35 -> 0 | K35: =+E35+H35 -> 0 | L35: =IF(K35=0,,M35/K35) -> 0 | M35: =+J35+G35 -> 0 | O35: =+N35*L35 -> 0 | Q35: =+P35*L35 -> 0 | S35: =+R35*L35 -> 0 | T35: =+K35-N35-P35-R35 -> 0 | U35: =IF(T35=0,,V35/T35) -> 0 | V35: =+T35*L35 -> 0
A36: =+A35+1 -> 17 | D36: ='01'!D36 -> 0 | E36: =+'10'!T36 -> 0 | F36: =+'10'!U36 -> 0 | G36: =+'10'!V36 -> 0 | J36: =+H36*I36 -> 0 | K36: =+E36+H36 -> 0 | L36: =IF(K36=0,,M36/K36) -> 0 | M36: =+J36+G36 -> 0 | O36: =+N36*L36 -> 0 | Q36: =+P36*L36 -> 0 | S36: =+R36*L36 -> 0 | T36: =+K36-N36-P36-R36 -> 0 | U36: =IF(T36=0,,V36/T36) -> 0 | V36: =+T36*L36 -> 0
A37: =+A36+1 -> 18 | D37: ='01'!D37 -> 0 | E37: =+'10'!T37 -> 0 | F37: =+'10'!U37 -> 0 | G37: =+'10'!V37 -> 0 | J37: =+H37*I37 -> 0 | K37: =+E37+H37 -> 0 | L37: =IF(K37=0,,M37/K37) -> 0 | M37: =+J37+G37 -> 0 | O37: =+N37*L37 -> 0 | Q37: =+P37*L37 -> 0 | S37: =+R37*L37 -> 0 | T37: =+K37-N37-P37-R37 -> 0 | U37: =IF(T37=0,,V37/T37) -> 0 | V37: =+T37*L37 -> 0
B38: ='01'!B38 -> TOTAL BEER | C38: ='01'!C38 -> 0 | D38: ='01'!D38 -> 96 | E38: =+SUM(E20:E24) -> 50 | G38: =+SUM(G20:G37) -> 27.91 | H38: =+SUM(H20:H37) -> 0 | J38: =+SUM(J20:J37) -> 0 | K38: =+SUM(K20:K37) -> 50 | M38: =+SUM(M20:M37) -> 27.91 | N38: =+SUM(N20:N37) -> 0 | O38: =+SUM(O20:O37) -> 0 | P38: =+SUM(P20:P37) -> 0 | Q38: =+SUM(Q20:Q37) -> 0 | R38: =+SUM(R20:R37) -> 6 | S38: =+SUM(S20:S37) -> 3.39 | T38: =+SUM(T20:T37) -> 44 | V38: =+SUM(V20:V37) -> 24.52
B39: ='01'!B39 -> Grand TOTAL | C39: ='01'!C39 -> 0 | D39: ='01'!D39 -> 480 | E39: =+SUM(E7:E38)/2 -> 126 | G39: =+SUM(G7:G38)/2 -> 52.2475 | H39: =+SUM(H7:H38)/2 -> 0 | J39: =+SUM(J7:J38)/2 -> 0 | K39: =+SUM(K7:K38)/2 -> 126 | M39: =+SUM(M7:M38)/2 -> 52.2475 | N39: =+SUM(N7:N38)/2 -> 0 | O39: =+SUM(O7:O38)/2 -> 0 | P39: =+SUM(P7:P38)/2 -> 0 | Q39: =+SUM(Q7:Q38)/2 -> 0 | R39: =+SUM(R7:R38)/2 -> 8 | S39: =+SUM(S7:S38)/2 -> 3.9008333 | T39: =+SUM(T7:T38)/2 -> 118 | V39: =+SUM(V7:V38)/2 -> 48.346667
A41: Prepared By: | H41: Checked By | R41: Acknowledge By:
A47: …........./……....../…........... | H47: …........./……....../…........... | R47: …........./……....../…...........

Sheet 12
A2: Stock Inventory Report of JULY 2026
S4: Date | T4: =+'11'!T4+1 -> 45850 | W4: Sale Report
A5: Nº | B5: Item Name | D5: Par Stock | E5: Opening | H5: Request | K5: In Stock | N5: Lost /Spoil | O5: Transfer out | P5: Cost of FOC | Q5: Cost of Sale | R5: Consumption | S5: Cost of Sale | T5: Closing
B6: English | C6: Khmer | E6: ដើមគ្រា | H6: បើកចូល | K6: ទំនិញមានក្នុងស្តុក | N6: ខូច/បាត់ | O6: ផ្ទេរចេញ | P6: ថ្លៃដើមព្រី | Q6: ថ្លៃដើមលក់ | R6: ថ្លៃដើមលក់ | S6: ថ្លៃដើមលក់ | T6: ចុងគ្រា | W6: Daily | AA6: Monthly
B7: ='01'!B7 -> Soft Drink | C7: ភេសជ្ជៈ | E7: Qtt | F7: U.P | G7: Amount | H7: Qtt | I7: U.P | J7: Amount | K7: Qtt | L7: U.P | M7: Amount | N7: Qtt | O7: Amount | P7: Qtt | Q7: Amount | R7: Qtt | S7: Amount | T7: Qtt | U7: U.P | V7: Amount | Y7: Qty | Z7: Amount | AA7: Qty | AB7: Amount
A8: 1 | B8: ='01'!B8 -> Cocacola Classic 330ml (24cans) | C8: ='01'!C8 -> កូកា ក្លាស៊ិក (កំប៉ុង៣៣០មម) | D8: ='01'!D8 -> 48 | E8: =+'11'!T8 -> -12 | F8: =+'11'!U8 -> 0.3625 | G8: =+'11'!V8 -> -4.35 | J8: =+H8*I8 -> 0 | K8: =+E8+H8 -> -12 | L8: =IF(K8=0,,M8/K8) -> 0.3625 | M8: =+J8+G8 -> -4.35 | O8: =+N8*L8 -> 0 | Q8: =+P8*L8 -> 0 | R8: 2 | S8: =+R8*L8 -> 0.725 | T8: =+K8-N8-P8-R8 -> -14 | U8: =IF(T8=0,,V8/T8) -> 0.3625 | V8: =+T8*L8 -> -5.075 | W8: =+$B$8 -> Cocacola Classic 330ml (24cans) | Y8: =+$R$8 -> 2 | Z8: =+Y8*1 -> 2 | AA8: =+Y8+'11'!AA8 -> 15 | AB8: =+Z8+'11'!AB8 -> 15
A9: =+A8+1 -> 2 | B9: ='01'!B9 -> Cocacola Zero 330ml (24cans) | C9: ='01'!C9 -> កូកា សេរ៉ូ (កំប៉ុង៣៣០មម) | D9: ='01'!D9 -> 48 | E9: =+'11'!T9 -> 18 | F9: =+'11'!U9 -> 0.3625 | G9: =+'11'!V9 -> 6.525 | J9: =+H9*I9 -> 0 | K9: =+E9+H9 -> 18 | L9: =IF(K9=0,,M9/K9) -> 0.3625 | M9: =+J9+G9 -> 6.525 | O9: =+N9*L9 -> 0 | Q9: =+P9*L9 -> 0 | S9: =+R9*L9 -> 0 | T9: =+K9-N9-P9-R9 -> 18 | U9: =IF(T9=0,,V9/T9) -> 0.3625 | V9: =+T9*L9 -> 6.525 | W9: =+$B$9 -> Cocacola Zero 330ml (24cans) | Y9: =+$R$9 -> 0 | Z9: =+Y9*1 -> 0 | AA9: =+Y9+'11'!AA9 -> 0 | AB9: =+Z9+'11'!AB9 -> 0
A10: =+A9+1 -> 3 | B10: ='01'!B10 -> Cocacola Light 330ml (24cans) | C10: ='01'!C10 -> កូកា ឡៃ (កំប៉ុង៣៣០មម) | D10: ='01'!D10 -> 48 | E10: =+'11'!T10 -> 8 | F10: =+'11'!U10 -> 0.3625 | G10: =+'11'!V10 -> 2.9 | J10: =+H10*I10 -> 0 | K10: =+E10+H10 -> 8 | L10: =IF(K10=0,,M10/K10) -> 0.3625 | M10: =+J10+G10 -> 2.9 | O10: =+N10*L10 -> 0 | Q10: =+P10*L10 -> 0 | S10: =+R10*L10 -> 0 | T10: =+K10-N10-P10-R10 -> 8 | U10: =IF(T10=0,,V10/T10) -> 0.3625 | V10: =+T10*L10 -> 2.9 | W10: =+$B$10 -> Cocacola Light 330ml (24cans) | Y10: =+$R$10 -> 0 | Z10: =+Y10*1 -> 0 | AA10: =+Y10+'11'!AA10 -> 3 | AB10: =+Z10+'11'!AB10 -> 3
A11: =+A10+1 -> 4 | B11: ='01'!B11 -> Sprite 330ml (24cans) | C11: ='01'!C11 -> ស្ព្រៃ (កំប៉ុង៣៣០មម) | D11: ='01'!D11 -> 48 | E11: =+'11'!T11 -> 0 | F11: =+'11'!U11 -> 0 | G11: =+'11'!V11 -> 0 | J11: =+H11*I11 -> 0 | K11: =+E11+H11 -> 0 | L11: =IF(K11=0,,M11/K11) -> 0 | M11: =+J11+G11 -> 0 | O11: =+N11*L11 -> 0 | Q11: =+P11*L11 -> 0 | S11: =+R11*L11 -> 0 | T11: =+K11-N11-P11-R11 -> 0 | U11: =IF(T11=0,,V11/T11) -> 0 | V11: =+T11*L11 -> 0 | W11: =+$B$11 -> Sprite 330ml (24cans) | Y11: =+$R$11 -> 0 | Z11: =+Y11*1 -> 0 | AA11: =+Y11+'11'!AA11 -> 2 | AB11: =+Z11+'11'!AB11 -> 2
A12: =+A11+1 -> 5 | B12: ='01'!B12 -> Schweppes Soda Water 330ml (24cans) | C12: ='01'!C12 -> ទឹកសូដា (កំប៉ុង៣៣០មម) | D12: ='01'!D12 -> 48 | E12: =+'11'!T12 -> 13 | F12: =+'11'!U12 -> 0.3625 | G12: =+'11'!V12 -> 4.7125 | J12: =+H12*I12 -> 0 | K12: =+E12+H12 -> 13 | L12: =IF(K12=0,,M12/K12) -> 0.3625 | M12: =+J12+G12 -> 4.7125 | O12: =+N12*L12 -> 0 | Q12: =+P12*L12 -> 0 | S12: =+R12*L12 -> 0 | T12: =+K12-N12-P12-R12 -> 13 | U12: =IF(T12=0,,V12/T12) -> 0.3625 | V12: =+T12*L12 -> 4.7125 | W12: =+$B$12 -> Schweppes Soda Water 330ml (24cans) | Y12: =+$R$12 -> 0 | Z12: =+Y12*1 -> 0 | AA12: =+Y12+'11'!AA12 -> 1 | AB12: =+Z12+'11'!AB12 -> 1
A13: =+A12+1 -> 6 | B13: ='01'!B13 -> Schweppes Tonic Water 330ml (24cans) | C13: ='01'!C13 -> ទឹកតូនិច (កំប៉ុង៣៣០មម) | D13: ='01'!D13 -> 48 | E13: =+'11'!T13 -> 17 | F13: =+'11'!U13 -> 0.3625 | G13: =+'11'!V13 -> 6.1625 | J13: =+H13*I13 -> 0 | K13: =+E13+H13 -> 17 | L13: =IF(K13=0,,M13/K13) -> 0.3625 | M13: =+J13+G13 -> 6.1625 | O13: =+N13*L13 -> 0 | Q13: =+P13*L13 -> 0 | S13: =+R13*L13 -> 0 | T13: =+K13-N13-P13-R13 -> 17 | U13: =IF(T13=0,,V13/T13) -> 0.3625 | V13: =+T13*L13 -> 6.1625 | W13: =+$B$13 -> Schweppes Tonic Water 330ml (24cans) | Y13: =+$R$13 -> 0 | Z13: =+Y13*1 -> 0 | AA13: =+Y13+'11'!AA13 -> 2 | AB13: =+Z13+'11'!AB13 -> 2
A14: =+A13+1 -> 7 | B14: ='01'!B14 -> Schweppes Ginger Ale 330ml (24cans) | C14: ='01'!C14 -> ទឹក Ginger ale (កំប៉ុង៣៣០មម) | D14: ='01'!D14 -> 48 | E14: =+'11'!T14 -> 16 | F14: =+'11'!U14 -> 0.3625 | G14: =+'11'!V14 -> 5.8 | J14: =+H14*I14 -> 0 | K14: =+E14+H14 -> 16 | L14: =IF(K14=0,,M14/K14) -> 0.3625 | M14: =+J14+G14 -> 5.8 | O14: =+N14*L14 -> 0 | Q14: =+P14*L14 -> 0 | S14: =+R14*L14 -> 0 | T14: =+K14-N14-P14-R14 -> 16 | U14: =IF(T14=0,,V14/T14) -> 0.3625 | V14: =+T14*L14 -> 5.8 | W14: =+$B$14 -> Schweppes Ginger Ale 330ml (24cans) | Y14: =+$R$14 -> 0 | Z14: =+Y14*1 -> 0 | AA14: =+Y14+'11'!AA14 -> 4 | AB14: =+Z14+'11'!AB14 -> 4
B15: ='01'!B15 -> TOTAL SOFT DRINK | C15: ='01'!C15 -> 0 | D15: ='01'!D15 -> 336 | E15: =+SUM(E8:E14) -> 60 | G15: =+SUM(G8:G14) -> 21.75 | H15: =+SUM(H8:H14) -> 0 | J15: =+SUM(J8:J14) -> 0 | K15: =+SUM(K8:K14) -> 60 | M15: =+SUM(M8:M14) -> 21.75 | N15: =+SUM(N8:N14) -> 0 | O15: =+SUM(O8:O14) -> 0 | P15: =+SUM(P8:P14) -> 0 | Q15: =+SUM(Q8:Q14) -> 0 | R15: =+SUM(R8:R14) -> 2 | S15: =+SUM(S8:S14) -> 0.725 | T15: =+SUM(T8:T14) -> 58 | V15: =+SUM(V8:V14) -> 21.025 | W15: =+$B$17 -> Dasani 500ml (24 Btl) | Y15: =+$R$17 -> 0 | Z15: =+Y15*0.5 -> 0 | AA15: =+Y15+'11'!AA15 -> 20 | AB15: =+Z15+'11'!AB15 -> 10
B16: ='01'!B16 -> Water | C16: ='01'!C16 -> 0 | D16: ='01'!D16 -> 0 | W16: =+$B$20 -> TIGER BEER 330ml CAN | Y16: =+$R$20 -> 0 | Z16: =+Y16*1.25 -> 0 | AA16: =+Y16+'11'!AA16 -> 8 | AB16: =+Z16+'11'!AB16 -> 10
A17: =+A14+1 -> 8 | B17: ='01'!B17 -> Dasani 500ml (24 Btl) | C17: ='01'!C17 -> 0 | D17: ='01'!D17 -> 48 | E17: =+'11'!T17 -> 14 | F17: =+'11'!U17 -> 0.14833333 | G17: =+'11'!V17 -> 2.0766667 | J17: =+H17*I17 -> 0 | K17: =+E17+H17 -> 14 | L17: =IF(K17=0,,M17/K17) -> 0.14833333 | M17: =+J17+G17 -> 2.0766667 | O17: =+N17*L17 -> 0 | Q17: =+P17*L17 -> 0 | S17: =+R17*L17 -> 0 | T17: =+K17-N17-P17-R17 -> 14 | U17: =IF(T17=0,,V17/T17) -> 0.14833333 | V17: =+T17*L17 -> 2.0766667 | W17: =+$B$21 -> Heineken 330ml CAN | Y17: =+$R$21 -> 0 | Z17: =+Y17*1.25 -> 0 | AA17: =+Y17+'11'!AA17 -> 9 | AB17: =+Z17+'11'!AB17 -> 11.25
B18: ='01'!B18 -> TOTAL Water | C18: ='01'!C18 -> 0 | D18: ='01'!D18 -> 48 | E18: =+E17 -> 14 | G18: =+G17 -> 2.0766667 | H18: =+H17 -> 0 | J18: =+J17 -> 0 | K18: =+K17 -> 14 | M18: =+M17 -> 2.0766667 | N18: =+N17 -> 0 | O18: =+O17 -> 0 | P18: =+P17 -> 0 | Q18: =+Q17 -> 0 | R18: =+R17 -> 0 | S18: =+S17 -> 0 | T18: =+T17 -> 14 | V18: =+V17 -> 2.0766667 | Y18: =+$R$22 -> 0 | Z18: =+Y18*1 -> 0 | AA18: =+Y18+'11'!AA18 -> 0 | AB18: =+Z18+'11'!AB18 -> 0
B19: ='01'!B19 -> Beer | C19: ='01'!C19 -> 0 | D19: ='01'!D19 -> 0 | Y19: =+$R$23 -> 0 | Z19: =+Y19*1 -> 0 | AA19: =+Y19+'11'!AA19 -> 0 | AB19: =+Z19+'11'!AB19 -> 0
A20: =+A19+1 -> 1 | B20: ='01'!B20 -> TIGER BEER 330ml CAN | C20: ='01'!C20 -> ស្រាបៀរថៃហ្គ័រ (កំប៉ុង ៣៣០មល) | D20: ='01'!D20 -> 48 | E20: =+'11'!T20 -> 24 | F20: =+'11'!U20 -> 0.48 | G20: =+'11'!V20 -> 11.52 | J20: =+H20*I20 -> 0 | K20: =+E20+H20 -> 24 | L20: =IF(K20=0,,M20/K20) -> 0.48 | M20: =+J20+G20 -> 11.52 | O20: =+N20*L20 -> 0 | Q20: =+P20*L20 -> 0 | S20: =+R20*L20 -> 0 | T20: =+K20-N20-P20-R20 -> 24 | U20: =IF(T20=0,,V20/T20) -> 0.48 | V20: =+T20*L20 -> 11.52 | W20: TOTAL | Y20: =+SUM(Y8:Y19) -> 2 | Z20: =+SUM(Z8:Z19) -> 2 | AA20: =+SUM(AA8:AA19) -> 64 | AB20: =+SUM(AB8:AB19) -> 58.25
A21: =+A20+1 -> 2 | B21: ='01'!B21 -> Heineken 330ml CAN | C21: ='01'!C21 -> ស្រាបៀរហេន័រឃិន (កំប៉ុង ៣៣០មល) | D21: ='01'!D21 -> 48 | E21: =+'11'!T21 -> 20 | F21: =+'11'!U21 -> 0.65 | G21: =+'11'!V21 -> 13 | J21: =+H21*I21 -> 0 | K21: =+E21+H21 -> 20 | L21: =IF(K21=0,,M21/K21) -> 0.65 | M21: =+J21+G21 -> 13 | O21: =+N21*L21 -> 0 | Q21: =+P21*L21 -> 0 | S21: =+R21*L21 -> 0 | T21: =+K21-N21-P21-R21 -> 20 | U21: =IF(T21=0,,V21/T21) -> 0.65 | V21: =+T21*L21 -> 13
A22: =+A21+1 -> 3 | B22: ='01'!B22 -> 0 | C22: ='01'!C22 -> 0 | D22: ='01'!D22 -> 0 | E22: =+'11'!T22 -> 0 | F22: =+'11'!U22 -> 0 | G22: =+'11'!V22 -> 0 | J22: =+H22*I22 -> 0 | K22: =+E22+H22 -> 0 | L22: =IF(K22=0,,M22/K22) -> 0 | M22: =+J22+G22 -> 0 | O22: =+N22*L22 -> 0 | Q22: =+P22*L22 -> 0 | S22: =+R22*L22 -> 0 | T22: =+K22-N22-P22-R22 -> 0 | U22: =IF(T22=0,,V22/T22) -> 0 | V22: =+T22*L22 -> 0
A23: =+A22+1 -> 4 | B23: ='01'!B23 -> 0 | C23: ='01'!C23 -> 0 | D23: ='01'!D23 -> 0 | E23: =+'11'!T23 -> 0 | F23: =+'11'!U23 -> 0 | G23: =+'11'!V23 -> 0 | J23: =+H23*I23 -> 0 | K23: =+E23+H23 -> 0 | L23: =IF(K23=0,,M23/K23) -> 0 | M23: =+J23+G23 -> 0 | O23: =+N23*L23 -> 0 | Q23: =+P23*L23 -> 0 | S23: =+R23*L23 -> 0 | T23: =+K23-N23-P23-R23 -> 0 | U23: =IF(T23=0,,V23/T23) -> 0 | V23: =+T23*L23 -> 0
A24: =+A23+1 -> 5 | B24: ='01'!B24 -> 0 | C24: ='01'!C24 -> 0 | D24: ='01'!D24 -> 0 | E24: =+'11'!T24 -> 0 | F24: =+'11'!U24 -> 0 | G24: =+'11'!V24 -> 0 | J24: =+H24*I24 -> 0 | K24: =+E24+H24 -> 0 | L24: =IF(K24=0,,M24/K24) -> 0 | M24: =+J24+G24 -> 0 | O24: =+N24*L24 -> 0 | Q24: =+P24*L24 -> 0 | S24: =+R24*L24 -> 0 | T24: =+K24-N24-P24-R24 -> 0 | U24: =IF(T24=0,,V24/T24) -> 0 | V24: =+T24*L24 -> 0
A25: =+A24+1 -> 6 | D25: ='01'!D25 -> 0 | E25: =+'11'!T25 -> 0 | F25: =+'11'!U25 -> 0 | G25: =+'11'!V25 -> 0 | J25: =+H25*I25 -> 0 | K25: =+E25+H25 -> 0 | L25: =IF(K25=0,,M25/K25) -> 0 | M25: =+J25+G25 -> 0 | O25: =+N25*L25 -> 0 | Q25: =+P25*L25 -> 0 | S25: =+R25*L25 -> 0 | T25: =+K25-N25-P25-R25 -> 0 | U25: =IF(T25=0,,V25/T25) -> 0 | V25: =+T25*L25 -> 0
A26: =+A25+1 -> 7 | D26: ='01'!D26 -> 0 | E26: =+'11'!T26 -> 0 | F26: =+'11'!U26 -> 0 | G26: =+'11'!V26 -> 0 | J26: =+H26*I26 -> 0 | K26: =+E26+H26 -> 0 | L26: =IF(K26=0,,M26/K26) -> 0 | M26: =+J26+G26 -> 0 | O26: =+N26*L26 -> 0 | Q26: =+P26*L26 -> 0 | S26: =+R26*L26 -> 0 | T26: =+K26-N26-P26-R26 -> 0 | U26: =IF(T26=0,,V26/T26) -> 0 | V26: =+T26*L26 -> 0
A27: =+A26+1 -> 8 | D27: ='01'!D27 -> 0 | E27: =+'11'!T27 -> 0 | F27: =+'11'!U27 -> 0 | G27: =+'11'!V27 -> 0 | J27: =+H27*I27 -> 0 | K27: =+E27+H27 -> 0 | L27: =IF(K27=0,,M27/K27) -> 0 | M27: =+J27+G27 -> 0 | O27: =+N27*L27 -> 0 | Q27: =+P27*L27 -> 0 | S27: =+R27*L27 -> 0 | T27: =+K27-N27-P27-R27 -> 0 | U27: =IF(T27=0,,V27/T27) -> 0 | V27: =+T27*L27 -> 0
A28: =+A27+1 -> 9 | D28: ='01'!D28 -> 0 | E28: =+'11'!T28 -> 0 | F28: =+'11'!U28 -> 0 | G28: =+'11'!V28 -> 0 | J28: =+H28*I28 -> 0 | K28: =+E28+H28 -> 0 | L28: =IF(K28=0,,M28/K28) -> 0 | M28: =+J28+G28 -> 0 | O28: =+N28*L28 -> 0 | Q28: =+P28*L28 -> 0 | S28: =+R28*L28 -> 0 | T28: =+K28-N28-P28-R28 -> 0 | U28: =IF(T28=0,,V28/T28) -> 0 | V28: =+T28*L28 -> 0
A29: =+A28+1 -> 10 | D29: ='01'!D29 -> 0 | E29: =+'11'!T29 -> 0 | F29: =+'11'!U29 -> 0 | G29: =+'11'!V29 -> 0 | J29: =+H29*I29 -> 0 | K29: =+E29+H29 -> 0 | L29: =IF(K29=0,,M29/K29) -> 0 | M29: =+J29+G29 -> 0 | O29: =+N29*L29 -> 0 | Q29: =+P29*L29 -> 0 | S29: =+R29*L29 -> 0 | T29: =+K29-N29-P29-R29 -> 0 | U29: =IF(T29=0,,V29/T29) -> 0 | V29: =+T29*L29 -> 0
A30: =+A29+1 -> 11 | D30: ='01'!D30 -> 0 | E30: =+'11'!T30 -> 0 | F30: =+'11'!U30 -> 0 | G30: =+'11'!V30 -> 0 | J30: =+H30*I30 -> 0 | K30: =+E30+H30 -> 0 | L30: =IF(K30=0,,M30/K30) -> 0 | M30: =+J30+G30 -> 0 | O30: =+N30*L30 -> 0 | Q30: =+P30*L30 -> 0 | S30: =+R30*L30 -> 0 | T30: =+K30-N30-P30-R30 -> 0 | U30: =IF(T30=0,,V30/T30) -> 0 | V30: =+T30*L30 -> 0
A31: =+A30+1 -> 12 | D31: ='01'!D31 -> 0 | E31: =+'11'!T31 -> 0 | F31: =+'11'!U31 -> 0 | G31: =+'11'!V31 -> 0 | J31: =+H31*I31 -> 0 | K31: =+E31+H31 -> 0 | L31: =IF(K31=0,,M31/K31) -> 0 | M31: =+J31+G31 -> 0 | O31: =+N31*L31 -> 0 | Q31: =+P31*L31 -> 0 | S31: =+R31*L31 -> 0 | T31: =+K31-N31-P31-R31 -> 0 | U31: =IF(T31=0,,V31/T31) -> 0 | V31: =+T31*L31 -> 0
A32: =+A31+1 -> 13 | D32: ='01'!D32 -> 0 | E32: =+'11'!T32 -> 0 | F32: =+'11'!U32 -> 0 | G32: =+'11'!V32 -> 0 | J32: =+H32*I32 -> 0 | K32: =+E32+H32 -> 0 | L32: =IF(K32=0,,M32/K32) -> 0 | M32: =+J32+G32 -> 0 | O32: =+N32*L32 -> 0 | Q32: =+P32*L32 -> 0 | S32: =+R32*L32 -> 0 | T32: =+K32-N32-P32-R32 -> 0 | U32: =IF(T32=0,,V32/T32) -> 0 | V32: =+T32*L32 -> 0
A33: =+A32+1 -> 14 | D33: ='01'!D33 -> 0 | E33: =+'11'!T33 -> 0 | F33: =+'11'!U33 -> 0 | G33: =+'11'!V33 -> 0 | J33: =+H33*I33 -> 0 | K33: =+E33+H33 -> 0 | L33: =IF(K33=0,,M33/K33) -> 0 | M33: =+J33+G33 -> 0 | O33: =+N33*L33 -> 0 | Q33: =+P33*L33 -> 0 | S33: =+R33*L33 -> 0 | T33: =+K33-N33-P33-R33 -> 0 | U33: =IF(T33=0,,V33/T33) -> 0 | V33: =+T33*L33 -> 0
A34: =+A33+1 -> 15 | D34: ='01'!D34 -> 0 | E34: =+'11'!T34 -> 0 | F34: =+'11'!U34 -> 0 | G34: =+'11'!V34 -> 0 | J34: =+H34*I34 -> 0 | K34: =+E34+H34 -> 0 | L34: =IF(K34=0,,M34/K34) -> 0 | M34: =+J34+G34 -> 0 | O34: =+N34*L34 -> 0 | Q34: =+P34*L34 -> 0 | S34: =+R34*L34 -> 0 | T34: =+K34-N34-P34-R34 -> 0 | U34: =IF(T34=0,,V34/T34) -> 0 | V34: =+T34*L34 -> 0
A35: =+A34+1 -> 16 | D35: ='01'!D35 -> 0 | E35: =+'11'!T35 -> 0 | F35: =+'11'!U35 -> 0 | G35: =+'11'!V35 -> 0 | J35: =+H35*I35 -> 0 | K35: =+E35+H35 -> 0 | L35: =IF(K35=0,,M35/K35) -> 0 | M35: =+J35+G35 -> 0 | O35: =+N35*L35 -> 0 | Q35: =+P35*L35 -> 0 | S35: =+R35*L35 -> 0 | T35: =+K35-N35-P35-R35 -> 0 | U35: =IF(T35=0,,V35/T35) -> 0 | V35: =+T35*L35 -> 0
A36: =+A35+1 -> 17 | D36: ='01'!D36 -> 0 | E36: =+'11'!T36 -> 0 | F36: =+'11'!U36 -> 0 | G36: =+'11'!V36 -> 0 | J36: =+H36*I36 -> 0 | K36: =+E36+H36 -> 0 | L36: =IF(K36=0,,M36/K36) -> 0 | M36: =+J36+G36 -> 0 | O36: =+N36*L36 -> 0 | Q36: =+P36*L36 -> 0 | S36: =+R36*L36 -> 0 | T36: =+K36-N36-P36-R36 -> 0 | U36: =IF(T36=0,,V36/T36) -> 0 | V36: =+T36*L36 -> 0
A37: =+A36+1 -> 18 | D37: ='01'!D37 -> 0 | E37: =+'11'!T37 -> 0 | F37: =+'11'!U37 -> 0 | G37: =+'11'!V37 -> 0 | J37: =+H37*I37 -> 0 | K37: =+E37+H37 -> 0 | L37: =IF(K37=0,,M37/K37) -> 0 | M37: =+J37+G37 -> 0 | O37: =+N37*L37 -> 0 | Q37: =+P37*L37 -> 0 | S37: =+R37*L37 -> 0 | T37: =+K37-N37-P37-R37 -> 0 | U37: =IF(T37=0,,V37/T37) -> 0 | V37: =+T37*L37 -> 0
B38: ='01'!B38 -> TOTAL BEER | C38: ='01'!C38 -> 0 | D38: ='01'!D38 -> 96 | E38: =+SUM(E20:E24) -> 44 | G38: =+SUM(G20:G37) -> 24.52 | H38: =+SUM(H20:H37) -> 0 | J38: =+SUM(J20:J37) -> 0 | K38: =+SUM(K20:K37) -> 44 | M38: =+SUM(M20:M37) -> 24.52 | N38: =+SUM(N20:N37) -> 0 | O38: =+SUM(O20:O37) -> 0 | P38: =+SUM(P20:P37) -> 0 | Q38: =+SUM(Q20:Q37) -> 0 | R38: =+SUM(R20:R37) -> 0 | S38: =+SUM(S20:S37) -> 0 | T38: =+SUM(T20:T37) -> 44 | V38: =+SUM(V20:V37) -> 24.52
B39: ='01'!B39 -> Grand TOTAL | C39: ='01'!C39 -> 0 | D39: ='01'!D39 -> 480 | E39: =+SUM(E7:E38)/2 -> 118 | G39: =+SUM(G7:G38)/2 -> 48.346667 | H39: =+SUM(H7:H38)/2 -> 0 | J39: =+SUM(J7:J38)/2 -> 0 | K39: =+SUM(K7:K38)/2 -> 118 | M39: =+SUM(M7:M38)/2 -> 48.346667 | N39: =+SUM(N7:N38)/2 -> 0 | O39: =+SUM(O7:O38)/2 -> 0 | P39: =+SUM(P7:P38)/2 -> 0 | Q39: =+SUM(Q7:Q38)/2 -> 0 | R39: =+SUM(R7:R38)/2 -> 2 | S39: =+SUM(S7:S38)/2 -> 0.725 | T39: =+SUM(T7:T38)/2 -> 116 | V39: =+SUM(V7:V38)/2 -> 47.621667
A41: Prepared By: | H41: Checked By | R41: Acknowledge By:
A47: …........./……....../…........... | H47: …........./……....../…........... | R47: …........./……....../…...........

Sheet 13
A2: Stock Inventory Report of JULY 2026
S4: Date | T4: =+'12'!T4+1 -> 45851 | W4: Sale Report
A5: Nº | B5: Item Name | D5: Par Stock | E5: Opening | H5: Request | K5: In Stock | N5: Lost /Spoil | O5: Transfer out | P5: Cost of FOC | Q5: Cost of Sale | R5: Consumption | S5: Cost of Sale | T5: Closing
B6: English | C6: Khmer | E6: ដើមគ្រា | H6: បើកចូល | K6: ទំនិញមានក្នុងស្តុក | N6: ខូច/បាត់ | O6: ផ្ទេរចេញ | P6: ថ្លៃដើមព្រី | Q6: ថ្លៃដើមលក់ | R6: ថ្លៃដើមលក់ | S6: ថ្លៃដើមលក់ | T6: ចុងគ្រា | W6: Daily | AA6: Monthly
B7: ='01'!B7 -> Soft Drink | C7: ភេសជ្ជៈ | E7: Qtt | F7: U.P | G7: Amount | H7: Qtt | I7: U.P | J7: Amount | K7: Qtt | L7: U.P | M7: Amount | N7: Qtt | O7: Amount | P7: Qtt | Q7: Amount | R7: Qtt | S7: Amount | T7: Qtt | U7: U.P | V7: Amount | Y7: Qty | Z7: Amount | AA7: Qty | AB7: Amount
A8: 1 | B8: ='01'!B8 -> Cocacola Classic 330ml (24cans) | C8: ='01'!C8 -> កូកា ក្លាស៊ិក (កំប៉ុង៣៣០មម) | D8: ='01'!D8 -> 48 | E8: =+'12'!T8 -> -14 | F8: =+'12'!U8 -> 0.3625 | G8: =+'12'!V8 -> -5.075 | J8: =+H8*I8 -> 0 | K8: =+E8+H8 -> -14 | L8: =IF(K8=0,,M8/K8) -> 0.3625 | M8: =+J8+G8 -> -5.075 | O8: =+N8*L8 -> 0 | Q8: =+P8*L8 -> 0 | S8: =+R8*L8 -> 0 | T8: =+K8-N8-P8-R8 -> -14 | U8: =IF(T8=0,,V8/T8) -> 0.3625 | V8: =+T8*L8 -> -5.075 | W8: =+$B$8 -> Cocacola Classic 330ml (24cans) | Y8: =+$R$8 -> 0 | Z8: =+Y8*1 -> 0 | AA8: =+Y8+'12'!AA8 -> 15 | AB8: =+Z8+'12'!AB8 -> 15
A9: =+A8+1 -> 2 | B9: ='01'!B9 -> Cocacola Zero 330ml (24cans) | C9: ='01'!C9 -> កូកា សេរ៉ូ (កំប៉ុង៣៣០មម) | D9: ='01'!D9 -> 48 | E9: =+'12'!T9 -> 18 | F9: =+'12'!U9 -> 0.3625 | G9: =+'12'!V9 -> 6.525 | J9: =+H9*I9 -> 0 | K9: =+E9+H9 -> 18 | L9: =IF(K9=0,,M9/K9) -> 0.3625 | M9: =+J9+G9 -> 6.525 | O9: =+N9*L9 -> 0 | Q9: =+P9*L9 -> 0 | S9: =+R9*L9 -> 0 | T9: =+K9-N9-P9-R9 -> 18 | U9: =IF(T9=0,,V9/T9) -> 0.3625 | V9: =+T9*L9 -> 6.525 | W9: =+$B$9 -> Cocacola Zero 330ml (24cans) | Y9: =+$R$9 -> 0 | Z9: =+Y9*1 -> 0 | AA9: =+Y9+'12'!AA9 -> 0 | AB9: =+Z9+'12'!AB9 -> 0
A10: =+A9+1 -> 3 | B10: ='01'!B10 -> Cocacola Light 330ml (24cans) | C10: ='01'!C10 -> កូកា ឡៃ (កំប៉ុង៣៣០មម) | D10: ='01'!D10 -> 48 | E10: =+'12'!T10 -> 8 | F10: =+'12'!U10 -> 0.3625 | G10: =+'12'!V10 -> 2.9 | J10: =+H10*I10 -> 0 | K10: =+E10+H10 -> 8 | L10: =IF(K10=0,,M10/K10) -> 0.3625 | M10: =+J10+G10 -> 2.9 | O10: =+N10*L10 -> 0 | Q10: =+P10*L10 -> 0 | S10: =+R10*L10 -> 0 | T10: =+K10-N10-P10-R10 -> 8 | U10: =IF(T10=0,,V10/T10) -> 0.3625 | V10: =+T10*L10 -> 2.9 | W10: =+$B$10 -> Cocacola Light 330ml (24cans) | Y10: =+$R$10 -> 0 | Z10: =+Y10*1 -> 0 | AA10: =+Y10+'12'!AA10 -> 3 | AB10: =+Z10+'12'!AB10 -> 3
A11: =+A10+1 -> 4 | B11: ='01'!B11 -> Sprite 330ml (24cans) | C11: ='01'!C11 -> ស្ព្រៃ (កំប៉ុង៣៣០មម) | D11: ='01'!D11 -> 48 | E11: =+'12'!T11 -> 0 | F11: =+'12'!U11 -> 0 | G11: =+'12'!V11 -> 0 | J11: =+H11*I11 -> 0 | K11: =+E11+H11 -> 0 | L11: =IF(K11=0,,M11/K11) -> 0 | M11: =+J11+G11 -> 0 | O11: =+N11*L11 -> 0 | Q11: =+P11*L11 -> 0 | S11: =+R11*L11 -> 0 | T11: =+K11-N11-P11-R11 -> 0 | U11: =IF(T11=0,,V11/T11) -> 0 | V11: =+T11*L11 -> 0 | W11: =+$B$11 -> Sprite 330ml (24cans) | Y11: =+$R$11 -> 0 | Z11: =+Y11*1 -> 0 | AA11: =+Y11+'12'!AA11 -> 2 | AB11: =+Z11+'12'!AB11 -> 2
A12: =+A11+1 -> 5 | B12: ='01'!B12 -> Schweppes Soda Water 330ml (24cans) | C12: ='01'!C12 -> ទឹកសូដា (កំប៉ុង៣៣០មម) | D12: ='01'!D12 -> 48 | E12: =+'12'!T12 -> 13 | F12: =+'12'!U12 -> 0.3625 | G12: =+'12'!V12 -> 4.7125 | J12: =+H12*I12 -> 0 | K12: =+E12+H12 -> 13 | L12: =IF(K12=0,,M12/K12) -> 0.3625 | M12: =+J12+G12 -> 4.7125 | O12: =+N12*L12 -> 0 | Q12: =+P12*L12 -> 0 | S12: =+R12*L12 -> 0 | T12: =+K12-N12-P12-R12 -> 13 | U12: =IF(T12=0,,V12/T12) -> 0.3625 | V12: =+T12*L12 -> 4.7125 | W12: =+$B$12 -> Schweppes Soda Water 330ml (24cans) | Y12: =+$R$12 -> 0 | Z12: =+Y12*1 -> 0 | AA12: =+Y12+'12'!AA12 -> 1 | AB12: =+Z12+'12'!AB12 -> 1
A13: =+A12+1 -> 6 | B13: ='01'!B13 -> Schweppes Tonic Water 330ml (24cans) | C13: ='01'!C13 -> ទឹកតូនិច (កំប៉ុង៣៣០មម) | D13: ='01'!D13 -> 48 | E13: =+'12'!T13 -> 17 | F13: =+'12'!U13 -> 0.3625 | G13: =+'12'!V13 -> 6.1625 | J13: =+H13*I13 -> 0 | K13: =+E13+H13 -> 17 | L13: =IF(K13=0,,M13/K13) -> 0.3625 | M13: =+J13+G13 -> 6.1625 | O13: =+N13*L13 -> 0 | Q13: =+P13*L13 -> 0 | S13: =+R13*L13 -> 0 | T13: =+K13-N13-P13-R13 -> 17 | U13: =IF(T13=0,,V13/T13) -> 0.3625 | V13: =+T13*L13 -> 6.1625 | W13: =+$B$13 -> Schweppes Tonic Water 330ml (24cans) | Y13: =+$R$13 -> 0 | Z13: =+Y13*1 -> 0 | AA13: =+Y13+'12'!AA13 -> 2 | AB13: =+Z13+'12'!AB13 -> 2
A14: =+A13+1 -> 7 | B14: ='01'!B14 -> Schweppes Ginger Ale 330ml (24cans) | C14: ='01'!C14 -> ទឹក Ginger ale (កំប៉ុង៣៣០មម) | D14: ='01'!D14 -> 48 | E14: =+'12'!T14 -> 16 | F14: =+'12'!U14 -> 0.3625 | G14: =+'12'!V14 -> 5.8 | J14: =+H14*I14 -> 0 | K14: =+E14+H14 -> 16 | L14: =IF(K14=0,,M14/K14) -> 0.3625 | M14: =+J14+G14 -> 5.8 | O14: =+N14*L14 -> 0 | Q14: =+P14*L14 -> 0 | S14: =+R14*L14 -> 0 | T14: =+K14-N14-P14-R14 -> 16 | U14: =IF(T14=0,,V14/T14) -> 0.3625 | V14: =+T14*L14 -> 5.8 | W14: =+$B$14 -> Schweppes Ginger Ale 330ml (24cans) | Y14: =+$R$14 -> 0 | Z14: =+Y14*1 -> 0 | AA14: =+Y14+'12'!AA14 -> 4 | AB14: =+Z14+'12'!AB14 -> 4
B15: ='01'!B15 -> TOTAL SOFT DRINK | C15: ='01'!C15 -> 0 | D15: ='01'!D15 -> 336 | E15: =+SUM(E8:E14) -> 58 | G15: =+SUM(G8:G14) -> 21.025 | H15: =+SUM(H8:H14) -> 0 | J15: =+SUM(J8:J14) -> 0 | K15: =+SUM(K8:K14) -> 58 | M15: =+SUM(M8:M14) -> 21.025 | N15: =+SUM(N8:N14) -> 0 | O15: =+SUM(O8:O14) -> 0 | P15: =+SUM(P8:P14) -> 0 | Q15: =+SUM(Q8:Q14) -> 0 | R15: =+SUM(R8:R14) -> 0 | S15: =+SUM(S8:S14) -> 0 | T15: =+SUM(T8:T14) -> 58 | V15: =+SUM(V8:V14) -> 21.025 | W15: =+$B$17 -> Dasani 500ml (24 Btl) | Y15: =+$R$17 -> 0 | Z15: =+Y15*0.5 -> 0 | AA15: =+Y15+'12'!AA15 -> 20 | AB15: =+Z15+'12'!AB15 -> 10
B16: ='01'!B16 -> Water | C16: ='01'!C16 -> 0 | D16: ='01'!D16 -> 0 | W16: =+$B$20 -> TIGER BEER 330ml CAN | Y16: =+$R$20 -> 0 | Z16: =+Y16*1.25 -> 0 | AA16: =+Y16+'12'!AA16 -> 8 | AB16: =+Z16+'12'!AB16 -> 10
A17: =+A14+1 -> 8 | B17: ='01'!B17 -> Dasani 500ml (24 Btl) | C17: ='01'!C17 -> 0 | D17: ='01'!D17 -> 48 | E17: =+'12'!T17 -> 14 | F17: =+'12'!U17 -> 0.14833333 | G17: =+'12'!V17 -> 2.0766667 | J17: =+H17*I17 -> 0 | K17: =+E17+H17 -> 14 | L17: =IF(K17=0,,M17/K17) -> 0.14833333 | M17: =+J17+G17 -> 2.0766667 | O17: =+N17*L17 -> 0 | Q17: =+P17*L17 -> 0 | S17: =+R17*L17 -> 0 | T17: =+K17-N17-P17-R17 -> 14 | U17: =IF(T17=0,,V17/T17) -> 0.14833333 | V17: =+T17*L17 -> 2.0766667 | W17: =+$B$21 -> Heineken 330ml CAN | Y17: =+$R$21 -> 0 | Z17: =+Y17*1.25 -> 0 | AA17: =+Y17+'12'!AA17 -> 9 | AB17: =+Z17+'12'!AB17 -> 11.25
B18: ='01'!B18 -> TOTAL Water | C18: ='01'!C18 -> 0 | D18: ='01'!D18 -> 48 | E18: =+E17 -> 14 | G18: =+G17 -> 2.0766667 | H18: =+H17 -> 0 | J18: =+J17 -> 0 | K18: =+K17 -> 14 | M18: =+M17 -> 2.0766667 | N18: =+N17 -> 0 | O18: =+O17 -> 0 | P18: =+P17 -> 0 | Q18: =+Q17 -> 0 | R18: =+R17 -> 0 | S18: =+S17 -> 0 | T18: =+T17 -> 14 | V18: =+V17 -> 2.0766667 | Y18: =+$R$22 -> 0 | Z18: =+Y18*1 -> 0 | AA18: =+Y18+'12'!AA18 -> 0 | AB18: =+Z18+'12'!AB18 -> 0
B19: ='01'!B19 -> Beer | C19: ='01'!C19 -> 0 | D19: ='01'!D19 -> 0 | Y19: =+$R$23 -> 0 | Z19: =+Y19*1 -> 0 | AA19: =+Y19+'12'!AA19 -> 0 | AB19: =+Z19+'12'!AB19 -> 0
A20: =+A19+1 -> 1 | B20: ='01'!B20 -> TIGER BEER 330ml CAN | C20: ='01'!C20 -> ស្រាបៀរថៃហ្គ័រ (កំប៉ុង ៣៣០មល) | D20: ='01'!D20 -> 48 | E20: =+'12'!T20 -> 24 | F20: =+'12'!U20 -> 0.48 | G20: =+'12'!V20 -> 11.52 | J20: =+H20*I20 -> 0 | K20: =+E20+H20 -> 24 | L20: =IF(K20=0,,M20/K20) -> 0.48 | M20: =+J20+G20 -> 11.52 | O20: =+N20*L20 -> 0 | Q20: =+P20*L20 -> 0 | S20: =+R20*L20 -> 0 | T20: =+K20-N20-P20-R20 -> 24 | U20: =IF(T20=0,,V20/T20) -> 0.48 | V20: =+T20*L20 -> 11.52 | W20: TOTAL | Y20: =+SUM(Y8:Y19) -> 0 | Z20: =+SUM(Z8:Z19) -> 0 | AA20: =+SUM(AA8:AA19) -> 64 | AB20: =+SUM(AB8:AB19) -> 58.25
A21: =+A20+1 -> 2 | B21: ='01'!B21 -> Heineken 330ml CAN | C21: ='01'!C21 -> ស្រាបៀរហេន័រឃិន (កំប៉ុង ៣៣០មល) | D21: ='01'!D21 -> 48 | E21: =+'12'!T21 -> 20 | F21: =+'12'!U21 -> 0.65 | G21: =+'12'!V21 -> 13 | J21: =+H21*I21 -> 0 | K21: =+E21+H21 -> 20 | L21: =IF(K21=0,,M21/K21) -> 0.65 | M21: =+J21+G21 -> 13 | O21: =+N21*L21 -> 0 | Q21: =+P21*L21 -> 0 | S21: =+R21*L21 -> 0 | T21: =+K21-N21-P21-R21 -> 20 | U21: =IF(T21=0,,V21/T21) -> 0.65 | V21: =+T21*L21 -> 13
A22: =+A21+1 -> 3 | B22: ='01'!B22 -> 0 | C22: ='01'!C22 -> 0 | D22: ='01'!D22 -> 0 | E22: =+'12'!T22 -> 0 | F22: =+'12'!U22 -> 0 | G22: =+'12'!V22 -> 0 | J22: =+H22*I22 -> 0 | K22: =+E22+H22 -> 0 | L22: =IF(K22=0,,M22/K22) -> 0 | M22: =+J22+G22 -> 0 | O22: =+N22*L22 -> 0 | Q22: =+P22*L22 -> 0 | S22: =+R22*L22 -> 0 | T22: =+K22-N22-P22-R22 -> 0 | U22: =IF(T22=0,,V22/T22) -> 0 | V22: =+T22*L22 -> 0
A23: =+A22+1 -> 4 | B23: ='01'!B23 -> 0 | C23: ='01'!C23 -> 0 | D23: ='01'!D23 -> 0 | E23: =+'12'!T23 -> 0 | F23: =+'12'!U23 -> 0 | G23: =+'12'!V23 -> 0 | J23: =+H23*I23 -> 0 | K23: =+E23+H23 -> 0 | L23: =IF(K23=0,,M23/K23) -> 0 | M23: =+J23+G23 -> 0 | O23: =+N23*L23 -> 0 | Q23: =+P23*L23 -> 0 | S23: =+R23*L23 -> 0 | T23: =+K23-N23-P23-R23 -> 0 | U23: =IF(T23=0,,V23/T23) -> 0 | V23: =+T23*L23 -> 0
A24: =+A23+1 -> 5 | B24: ='01'!B24 -> 0 | C24: ='01'!C24 -> 0 | D24: ='01'!D24 -> 0 | E24: =+'12'!T24 -> 0 | F24: =+'12'!U24 -> 0 | G24: =+'12'!V24 -> 0 | J24: =+H24*I24 -> 0 | K24: =+E24+H24 -> 0 | L24: =IF(K24=0,,M24/K24) -> 0 | M24: =+J24+G24 -> 0 | O24: =+N24*L24 -> 0 | Q24: =+P24*L24 -> 0 | S24: =+R24*L24 -> 0 | T24: =+K24-N24-P24-R24 -> 0 | U24: =IF(T24=0,,V24/T24) -> 0 | V24: =+T24*L24 -> 0
A25: =+A24+1 -> 6 | D25: ='01'!D25 -> 0 | E25: =+'12'!T25 -> 0 | F25: =+'12'!U25 -> 0 | G25: =+'12'!V25 -> 0 | J25: =+H25*I25 -> 0 | K25: =+E25+H25 -> 0 | L25: =IF(K25=0,,M25/K25) -> 0 | M25: =+J25+G25 -> 0 | O25: =+N25*L25 -> 0 | Q25: =+P25*L25 -> 0 | S25: =+R25*L25 -> 0 | T25: =+K25-N25-P25-R25 -> 0 | U25: =IF(T25=0,,V25/T25) -> 0 | V25: =+T25*L25 -> 0
A26: =+A25+1 -> 7 | D26: ='01'!D26 -> 0 | E26: =+'12'!T26 -> 0 | F26: =+'12'!U26 -> 0 | G26: =+'12'!V26 -> 0 | J26: =+H26*I26 -> 0 | K26: =+E26+H26 -> 0 | L26: =IF(K26=0,,M26/K26) -> 0 | M26: =+J26+G26 -> 0 | O26: =+N26*L26 -> 0 | Q26: =+P26*L26 -> 0 | S26: =+R26*L26 -> 0 | T26: =+K26-N26-P26-R26 -> 0 | U26: =IF(T26=0,,V26/T26) -> 0 | V26: =+T26*L26 -> 0
A27: =+A26+1 -> 8 | D27: ='01'!D27 -> 0 | E27: =+'12'!T27 -> 0 | F27: =+'12'!U27 -> 0 | G27: =+'12'!V27 -> 0 | J27: =+H27*I27 -> 0 | K27: =+E27+H27 -> 0 | L27: =IF(K27=0,,M27/K27) -> 0 | M27: =+J27+G27 -> 0 | O27: =+N27*L27 -> 0 | Q27: =+P27*L27 -> 0 | S27: =+R27*L27 -> 0 | T27: =+K27-N27-P27-R27 -> 0 | U27: =IF(T27=0,,V27/T27) -> 0 | V27: =+T27*L27 -> 0
A28: =+A27+1 -> 9 | D28: ='01'!D28 -> 0 | E28: =+'12'!T28 -> 0 | F28: =+'12'!U28 -> 0 | G28: =+'12'!V28 -> 0 | J28: =+H28*I28 -> 0 | K28: =+E28+H28 -> 0 | L28: =IF(K28=0,,M28/K28) -> 0 | M28: =+J28+G28 -> 0 | O28: =+N28*L28 -> 0 | Q28: =+P28*L28 -> 0 | S28: =+R28*L28 -> 0 | T28: =+K28-N28-P28-R28 -> 0 | U28: =IF(T28=0,,V28/T28) -> 0 | V28: =+T28*L28 -> 0
A29: =+A28+1 -> 10 | D29: ='01'!D29 -> 0 | E29: =+'12'!T29 -> 0 | F29: =+'12'!U29 -> 0 | G29: =+'12'!V29 -> 0 | J29: =+H29*I29 -> 0 | K29: =+E29+H29 -> 0 | L29: =IF(K29=0,,M29/K29) -> 0 | M29: =+J29+G29 -> 0 | O29: =+N29*L29 -> 0 | Q29: =+P29*L29 -> 0 | S29: =+R29*L29 -> 0 | T29: =+K29-N29-P29-R29 -> 0 | U29: =IF(T29=0,,V29/T29) -> 0 | V29: =+T29*L29 -> 0
A30: =+A29+1 -> 11 | D30: ='01'!D30 -> 0 | E30: =+'12'!T30 -> 0 | F30: =+'12'!U30 -> 0 | G30: =+'12'!V30 -> 0 | J30: =+H30*I30 -> 0 | K30: =+E30+H30 -> 0 | L30: =IF(K30=0,,M30/K30) -> 0 | M30: =+J30+G30 -> 0 | O30: =+N30*L30 -> 0 | Q30: =+P30*L30 -> 0 | S30: =+R30*L30 -> 0 | T30: =+K30-N30-P30-R30 -> 0 | U30: =IF(T30=0,,V30/T30) -> 0 | V30: =+T30*L30 -> 0
A31: =+A30+1 -> 12 | D31: ='01'!D31 -> 0 | E31: =+'12'!T31 -> 0 | F31: =+'12'!U31 -> 0 | G31: =+'12'!V31 -> 0 | J31: =+H31*I31 -> 0 | K31: =+E31+H31 -> 0 | L31: =IF(K31=0,,M31/K31) -> 0 | M31: =+J31+G31 -> 0 | O31: =+N31*L31 -> 0 | Q31: =+P31*L31 -> 0 | S31: =+R31*L31 -> 0 | T31: =+K31-N31-P31-R31 -> 0 | U31: =IF(T31=0,,V31/T31) -> 0 | V31: =+T31*L31 -> 0
A32: =+A31+1 -> 13 | D32: ='01'!D32 -> 0 | E32: =+'12'!T32 -> 0 | F32: =+'12'!U32 -> 0 | G32: =+'12'!V32 -> 0 | J32: =+H32*I32 -> 0 | K32: =+E32+H32 -> 0 | L32: =IF(K32=0,,M32/K32) -> 0 | M32: =+J32+G32 -> 0 | O32: =+N32*L32 -> 0 | Q32: =+P32*L32 -> 0 | S32: =+R32*L32 -> 0 | T32: =+K32-N32-P32-R32 -> 0 | U32: =IF(T32=0,,V32/T32) -> 0 | V32: =+T32*L32 -> 0
A33: =+A32+1 -> 14 | D33: ='01'!D33 -> 0 | E33: =+'12'!T33 -> 0 | F33: =+'12'!U33 -> 0 | G33: =+'12'!V33 -> 0 | J33: =+H33*I33 -> 0 | K33: =+E33+H33 -> 0 | L33: =IF(K33=0,,M33/K33) -> 0 | M33: =+J33+G33 -> 0 | O33: =+N33*L33 -> 0 | Q33: =+P33*L33 -> 0 | S33: =+R33*L33 -> 0 | T33: =+K33-N33-P33-R33 -> 0 | U33: =IF(T33=0,,V33/T33) -> 0 | V33: =+T33*L33 -> 0
A34: =+A33+1 -> 15 | D34: ='01'!D34 -> 0 | E34: =+'12'!T34 -> 0 | F34: =+'12'!U34 -> 0 | G34: =+'12'!V34 -> 0 | J34: =+H34*I34 -> 0 | K34: =+E34+H34 -> 0 | L34: =IF(K34=0,,M34/K34) -> 0 | M34: =+J34+G34 -> 0 | O34: =+N34*L34 -> 0 | Q34: =+P34*L34 -> 0 | S34: =+R34*L34 -> 0 | T34: =+K34-N34-P34-R34 -> 0 | U34: =IF(T34=0,,V34/T34) -> 0 | V34: =+T34*L34 -> 0
A35: =+A34+1 -> 16 | D35: ='01'!D35 -> 0 | E35: =+'12'!T35 -> 0 | F35: =+'12'!U35 -> 0 | G35: =+'12'!V35 -> 0 | J35: =+H35*I35 -> 0 | K35: =+E35+H35 -> 0 | L35: =IF(K35=0,,M35/K35) -> 0 | M35: =+J35+G35 -> 0 | O35: =+N35*L35 -> 0 | Q35: =+P35*L35 -> 0 | S35: =+R35*L35 -> 0 | T35: =+K35-N35-P35-R35 -> 0 | U35: =IF(T35=0,,V35/T35) -> 0 | V35: =+T35*L35 -> 0
A36: =+A35+1 -> 17 | D36: ='01'!D36 -> 0 | E36: =+'12'!T36 -> 0 | F36: =+'12'!U36 -> 0 | G36: =+'12'!V36 -> 0 | J36: =+H36*I36 -> 0 | K36: =+E36+H36 -> 0 | L36: =IF(K36=0,,M36/K36) -> 0 | M36: =+J36+G36 -> 0 | O36: =+N36*L36 -> 0 | Q36: =+P36*L36 -> 0 | S36: =+R36*L36 -> 0 | T36: =+K36-N36-P36-R36 -> 0 | U36: =IF(T36=0,,V36/T36) -> 0 | V36: =+T36*L36 -> 0
A37: =+A36+1 -> 18 | D37: ='01'!D37 -> 0 | E37: =+'12'!T37 -> 0 | F37: =+'12'!U37 -> 0 | G37: =+'12'!V37 -> 0 | J37: =+H37*I37 -> 0 | K37: =+E37+H37 -> 0 | L37: =IF(K37=0,,M37/K37) -> 0 | M37: =+J37+G37 -> 0 | O37: =+N37*L37 -> 0 | Q37: =+P37*L37 -> 0 | S37: =+R37*L37 -> 0 | T37: =+K37-N37-P37-R37 -> 0 | U37: =IF(T37=0,,V37/T37) -> 0 | V37: =+T37*L37 -> 0
B38: ='01'!B38 -> TOTAL BEER | C38: ='01'!C38 -> 0 | D38: ='01'!D38 -> 96 | E38: =+SUM(E20:E24) -> 44 | G38: =+SUM(G20:G37) -> 24.52 | H38: =+SUM(H20:H37) -> 0 | J38: =+SUM(J20:J37) -> 0 | K38: =+SUM(K20:K37) -> 44 | M38: =+SUM(M20:M37) -> 24.52 | N38: =+SUM(N20:N37) -> 0 | O38: =+SUM(O20:O37) -> 0 | P38: =+SUM(P20:P37) -> 0 | Q38: =+SUM(Q20:Q37) -> 0 | R38: =+SUM(R20:R37) -> 0 | S38: =+SUM(S20:S37) -> 0 | T38: =+SUM(T20:T37) -> 44 | V38: =+SUM(V20:V37) -> 24.52
B39: ='01'!B39 -> Grand TOTAL | C39: ='01'!C39 -> 0 | D39: ='01'!D39 -> 480 | E39: =+SUM(E7:E38)/2 -> 116 | G39: =+SUM(G7:G38)/2 -> 47.621667 | H39: =+SUM(H7:H38)/2 -> 0 | J39: =+SUM(J7:J38)/2 -> 0 | K39: =+SUM(K7:K38)/2 -> 116 | M39: =+SUM(M7:M38)/2 -> 47.621667 | N39: =+SUM(N7:N38)/2 -> 0 | O39: =+SUM(O7:O38)/2 -> 0 | P39: =+SUM(P7:P38)/2 -> 0 | Q39: =+SUM(Q7:Q38)/2 -> 0 | R39: =+SUM(R7:R38)/2 -> 0 | S39: =+SUM(S7:S38)/2 -> 0 | T39: =+SUM(T7:T38)/2 -> 116 | V39: =+SUM(V7:V38)/2 -> 47.621667
A41: Prepared By: | H41: Checked By | R41: Acknowledge By:
A47: …........./……....../…........... | H47: …........./……....../…........... | R47: …........./……....../…...........

Sheet 14
A2: Stock Inventory Report of JULY 2026
S4: Date | T4: =+'13'!T4+1 -> 45852 | W4: Sale Report
A5: Nº | B5: Item Name | D5: Par Stock | E5: Opening | H5: Request | K5: In Stock | N5: Lost /Spoil | O5: Transfer out | P5: Cost of FOC | Q5: Cost of Sale | R5: Consumption | S5: Cost of Sale | T5: Closing
B6: English | C6: Khmer | E6: ដើមគ្រា | H6: បើកចូល | K6: ទំនិញមានក្នុងស្តុក | N6: ខូច/បាត់ | O6: ផ្ទេរចេញ | P6: ថ្លៃដើមព្រី | Q6: ថ្លៃដើមលក់ | R6: ថ្លៃដើមលក់ | S6: ថ្លៃដើមលក់ | T6: ចុងគ្រា | W6: Daily | AA6: Monthly
B7: ='01'!B7 -> Soft Drink | C7: ភេសជ្ជៈ | E7: Qtt | F7: U.P | G7: Amount | H7: Qtt | I7: U.P | J7: Amount | K7: Qtt | L7: U.P | M7: Amount | N7: Qtt | O7: Amount | P7: Qtt | Q7: Amount | R7: Qtt | S7: Amount | T7: Qtt | U7: U.P | V7: Amount | Y7: Qty | Z7: Amount | AA7: Qty | AB7: Amount
A8: 1 | B8: ='01'!B8 -> Cocacola Classic 330ml (24cans) | C8: ='01'!C8 -> កូកា ក្លាស៊ិក (កំប៉ុង៣៣០មម) | D8: ='01'!D8 -> 48 | E8: =+'13'!T8 -> -14 | F8: =+'13'!U8 -> 0.3625 | G8: =+'13'!V8 -> -5.075 | J8: =+H8*I8 -> 0 | K8: =+E8+H8 -> -14 | L8: =IF(K8=0,,M8/K8) -> 0.3625 | M8: =+J8+G8 -> -5.075 | O8: =+N8*L8 -> 0 | Q8: =+P8*L8 -> 0 | S8: =+R8*L8 -> 0 | T8: =+K8-N8-P8-R8 -> -14 | U8: =IF(T8=0,,V8/T8) -> 0.3625 | V8: =+T8*L8 -> -5.075 | W8: =+$B$8 -> Cocacola Classic 330ml (24cans) | Y8: =+$R$8 -> 0 | Z8: =+Y8*1 -> 0 | AA8: =+Y8+'13'!AA8 -> 15 | AB8: =+Z8+'13'!AB8 -> 15
A9: =+A8+1 -> 2 | B9: ='01'!B9 -> Cocacola Zero 330ml (24cans) | C9: ='01'!C9 -> កូកា សេរ៉ូ (កំប៉ុង៣៣០មម) | D9: ='01'!D9 -> 48 | E9: =+'13'!T9 -> 18 | F9: =+'13'!U9 -> 0.3625 | G9: =+'13'!V9 -> 6.525 | J9: =+H9*I9 -> 0 | K9: =+E9+H9 -> 18 | L9: =IF(K9=0,,M9/K9) -> 0.3625 | M9: =+J9+G9 -> 6.525 | O9: =+N9*L9 -> 0 | Q9: =+P9*L9 -> 0 | S9: =+R9*L9 -> 0 | T9: =+K9-N9-P9-R9 -> 18 | U9: =IF(T9=0,,V9/T9) -> 0.3625 | V9: =+T9*L9 -> 6.525 | W9: =+$B$9 -> Cocacola Zero 330ml (24cans) | Y9: =+$R$9 -> 0 | Z9: =+Y9*1 -> 0 | AA9: =+Y9+'13'!AA9 -> 0 | AB9: =+Z9+'13'!AB9 -> 0
A10: =+A9+1 -> 3 | B10: ='01'!B10 -> Cocacola Light 330ml (24cans) | C10: ='01'!C10 -> កូកា ឡៃ (កំប៉ុង៣៣០មម) | D10: ='01'!D10 -> 48 | E10: =+'13'!T10 -> 8 | F10: =+'13'!U10 -> 0.3625 | G10: =+'13'!V10 -> 2.9 | J10: =+H10*I10 -> 0 | K10: =+E10+H10 -> 8 | L10: =IF(K10=0,,M10/K10) -> 0.3625 | M10: =+J10+G10 -> 2.9 | O10: =+N10*L10 -> 0 | Q10: =+P10*L10 -> 0 | S10: =+R10*L10 -> 0 | T10: =+K10-N10-P10-R10 -> 8 | U10: =IF(T10=0,,V10/T10) -> 0.3625 | V10: =+T10*L10 -> 2.9 | W10: =+$B$10 -> Cocacola Light 330ml (24cans) | Y10: =+$R$10 -> 0 | Z10: =+Y10*1 -> 0 | AA10: =+Y10+'13'!AA10 -> 3 | AB10: =+Z10+'13'!AB10 -> 3
A11: =+A10+1 -> 4 | B11: ='01'!B11 -> Sprite 330ml (24cans) | C11: ='01'!C11 -> ស្ព្រៃ (កំប៉ុង៣៣០មម) | D11: ='01'!D11 -> 48 | E11: =+'13'!T11 -> 0 | F11: =+'13'!U11 -> 0 | G11: =+'13'!V11 -> 0 | J11: =+H11*I11 -> 0 | K11: =+E11+H11 -> 0 | L11: =IF(K11=0,,M11/K11) -> 0 | M11: =+J11+G11 -> 0 | O11: =+N11*L11 -> 0 | Q11: =+P11*L11 -> 0 | S11: =+R11*L11 -> 0 | T11: =+K11-N11-P11-R11 -> 0 | U11: =IF(T11=0,,V11/T11) -> 0 | V11: =+T11*L11 -> 0 | W11: =+$B$11 -> Sprite 330ml (24cans) | Y11: =+$R$11 -> 0 | Z11: =+Y11*1 -> 0 | AA11: =+Y11+'13'!AA11 -> 2 | AB11: =+Z11+'13'!AB11 -> 2
A12: =+A11+1 -> 5 | B12: ='01'!B12 -> Schweppes Soda Water 330ml (24cans) | C12: ='01'!C12 -> ទឹកសូដា (កំប៉ុង៣៣០មម) | D12: ='01'!D12 -> 48 | E12: =+'13'!T12 -> 13 | F12: =+'13'!U12 -> 0.3625 | G12: =+'13'!V12 -> 4.7125 | J12: =+H12*I12 -> 0 | K12: =+E12+H12 -> 13 | L12: =IF(K12=0,,M12/K12) -> 0.3625 | M12: =+J12+G12 -> 4.7125 | O12: =+N12*L12 -> 0 | Q12: =+P12*L12 -> 0 | S12: =+R12*L12 -> 0 | T12: =+K12-N12-P12-R12 -> 13 | U12: =IF(T12=0,,V12/T12) -> 0.3625 | V12: =+T12*L12 -> 4.7125 | W12: =+$B$12 -> Schweppes Soda Water 330ml (24cans) | Y12: =+$R$12 -> 0 | Z12: =+Y12*1 -> 0 | AA12: =+Y12+'13'!AA12 -> 1 | AB12: =+Z12+'13'!AB12 -> 1
A13: =+A12+1 -> 6 | B13: ='01'!B13 -> Schweppes Tonic Water 330ml (24cans) | C13: ='01'!C13 -> ទឹកតូនិច (កំប៉ុង៣៣០មម) | D13: ='01'!D13 -> 48 | E13: =+'13'!T13 -> 17 | F13: =+'13'!U13 -> 0.3625 | G13: =+'13'!V13 -> 6.1625 | J13: =+H13*I13 -> 0 | K13: =+E13+H13 -> 17 | L13: =IF(K13=0,,M13/K13) -> 0.3625 | M13: =+J13+G13 -> 6.1625 | O13: =+N13*L13 -> 0 | Q13: =+P13*L13 -> 0 | S13: =+R13*L13 -> 0 | T13: =+K13-N13-P13-R13 -> 17 | U13: =IF(T13=0,,V13/T13) -> 0.3625 | V13: =+T13*L13 -> 6.1625 | W13: =+$B$13 -> Schweppes Tonic Water 330ml (24cans) | Y13: =+$R$13 -> 0 | Z13: =+Y13*1 -> 0 | AA13: =+Y13+'13'!AA13 -> 2 | AB13: =+Z13+'13'!AB13 -> 2
